--usuarios

INSERT INTO tb_user VALUES (1, 'leo@gmail.com', 'Leonardo', 'Poletto Casagrande', '$2a$10$YYdXGIgspPM/gnVuk1S/m.NqKmE3Gg3gkWLk74PRlpnnqELnpyW7O');
INSERT INTO tb_user VALUES (2, 'admin@gmail.com', 'Admin', 'Admin', '$2a$10$eACCYoNOHEqXve8aIWT8Nu3PkMXWBaOxJ9aORUYzfMQCbVBIhZ8tG');
INSERT INTO tb_user VALUES (3, 'john@gmail.com', 'John', 'Doe', '$2a$10$eACCYoNOHEqXve8aIWT8Nu3PkMXWBaOxJ9aORUYzfMQCbVBIhZ8tG');
INSERT INTO tb_user VALUES (4, 'customer@gmail.com', 'Customer', 'Customer', '$2a$10$eACCYoNOHEqXve8aIWT8Nu3PkMXWBaOxJ9aORUYzfMQCbVBIhZ8tG');

--mock usuarios
INSERT INTO tb_user (id, email, firstname, lastname, password) VALUES (5, 'ado0@rakuten.co.jp', 'Arlyne', 'Do', '$2a$10$eACCYoNOHEqXve8aIWT8Nu3PkMXWBaOxJ9aORUYzfMQCbVBIhZ8tG');
INSERT INTO tb_user (id, email, firstname, lastname, password) VALUES (6, 'ebridywater1@google.co.uk', 'Erin', 'Bridywater', '$2a$10$eACCYoNOHEqXve8aIWT8Nu3PkMXWBaOxJ9aORUYzfMQCbVBIhZ8tG');
INSERT INTO tb_user (id, email, firstname, lastname, password) VALUES (7, 'tciobotaro2@mapquest.com', 'Tressa', 'Ciobotaro', '$2a$10$eACCYoNOHEqXve8aIWT8Nu3PkMXWBaOxJ9aORUYzfMQCbVBIhZ8tG');
INSERT INTO tb_user (id, email, firstname, lastname, password) VALUES (8, 'cwhitmore3@deliciousdays.com', 'Crissy', 'Whitmore', '$2a$10$eACCYoNOHEqXve8aIWT8Nu3PkMXWBaOxJ9aORUYzfMQCbVBIhZ8tG');
INSERT INTO tb_user (id, email, firstname, lastname, password) VALUES (9, 'cbothen4@umn.edu', 'Caritta', 'Bothen', '$2a$10$eACCYoNOHEqXve8aIWT8Nu3PkMXWBaOxJ9aORUYzfMQCbVBIhZ8tG');
INSERT INTO tb_user (id, email, firstname, lastname, password) VALUES (10, 'chayworth5@prlog.org', 'Cash', 'Hayworth', '$2a$10$eACCYoNOHEqXve8aIWT8Nu3PkMXWBaOxJ9aORUYzfMQCbVBIhZ8tG');
INSERT INTO tb_user (id, email, firstname, lastname, password) VALUES (11, 'gmatzeitis6@utexas.edu', 'Garret', 'Matzeitis', '$2a$10$eACCYoNOHEqXve8aIWT8Nu3PkMXWBaOxJ9aORUYzfMQCbVBIhZ8tG');
INSERT INTO tb_user (id, email, firstname, lastname, password) VALUES (12, 'tarch7@google.pl', 'Terrell', 'Arch', '$2a$10$eACCYoNOHEqXve8aIWT8Nu3PkMXWBaOxJ9aORUYzfMQCbVBIhZ8tG');
INSERT INTO tb_user (id, email, firstname, lastname, password) VALUES (13, 'wgandar8@hhs.gov', 'Winslow', 'Gandar', '$2a$10$eACCYoNOHEqXve8aIWT8Nu3PkMXWBaOxJ9aORUYzfMQCbVBIhZ8tG');
INSERT INTO tb_user (id, email, firstname, lastname, password) VALUES (14, 'hridgway9@fastcompany.com', 'Helaina', 'Ridgway', '$2a$10$eACCYoNOHEqXve8aIWT8Nu3PkMXWBaOxJ9aORUYzfMQCbVBIhZ8tG');
INSERT INTO tb_user (id, email, firstname, lastname, password) VALUES (15, 'bbacupa@shareasale.com', 'Breanne', 'Bacup', '$2a$10$eACCYoNOHEqXve8aIWT8Nu3PkMXWBaOxJ9aORUYzfMQCbVBIhZ8tG');
INSERT INTO tb_user (id, email, firstname, lastname, password) VALUES (16, 'cmccarrollb@jalbum.net', 'Cornall', 'McCarroll', '$2a$10$eACCYoNOHEqXve8aIWT8Nu3PkMXWBaOxJ9aORUYzfMQCbVBIhZ8tG');
INSERT INTO tb_user (id, email, firstname, lastname, password) VALUES (17, 'dglynnec@cnet.com', 'Dede', 'Glynne', '$2a$10$eACCYoNOHEqXve8aIWT8Nu3PkMXWBaOxJ9aORUYzfMQCbVBIhZ8tG');
INSERT INTO tb_user (id, email, firstname, lastname, password) VALUES (18, 'sjadod@google.com.br', 'Sean', 'Jado', '$2a$10$eACCYoNOHEqXve8aIWT8Nu3PkMXWBaOxJ9aORUYzfMQCbVBIhZ8tG');
INSERT INTO tb_user (id, email, firstname, lastname, password) VALUES (19, 'hgilgryste@merriam-webster.com', 'Harriet', 'Gilgryst', '$2a$10$eACCYoNOHEqXve8aIWT8Nu3PkMXWBaOxJ9aORUYzfMQCbVBIhZ8tG');
INSERT INTO tb_user (id, email, firstname, lastname, password) VALUES (20, 'atossellf@nytimes.com', 'Avery', 'Tossell', '$2a$10$eACCYoNOHEqXve8aIWT8Nu3PkMXWBaOxJ9aORUYzfMQCbVBIhZ8tG');
INSERT INTO tb_user (id, email, firstname, lastname, password) VALUES (21, 'gbrackg@github.com', 'Glynda', 'Brack', '$2a$10$eACCYoNOHEqXve8aIWT8Nu3PkMXWBaOxJ9aORUYzfMQCbVBIhZ8tG');
INSERT INTO tb_user (id, email, firstname, lastname, password) VALUES (22, 'acovellh@slate.com', 'Ariela', 'Covell', '$2a$10$eACCYoNOHEqXve8aIWT8Nu3PkMXWBaOxJ9aORUYzfMQCbVBIhZ8tG');
INSERT INTO tb_user (id, email, firstname, lastname, password) VALUES (23, 'lcapponeeri@nationalgeographic.com', 'Lorelei', 'Capponeer', '$2a$10$eACCYoNOHEqXve8aIWT8Nu3PkMXWBaOxJ9aORUYzfMQCbVBIhZ8tG');
INSERT INTO tb_user (id, email, firstname, lastname, password) VALUES (24, 'hambroisj@epa.gov', 'Harriett', 'Ambrois', '$2a$10$eACCYoNOHEqXve8aIWT8Nu3PkMXWBaOxJ9aORUYzfMQCbVBIhZ8tG');
INSERT INTO tb_user (id, email, firstname, lastname, password) VALUES (25, 'ablaycockk@whitehouse.gov', 'Alphonso', 'Blaycock', '$2a$10$eACCYoNOHEqXve8aIWT8Nu3PkMXWBaOxJ9aORUYzfMQCbVBIhZ8tG');
INSERT INTO tb_user (id, email, firstname, lastname, password) VALUES (26, 'kdamarelll@amazonaws.com', 'Kimball', 'Damarell', '$2a$10$eACCYoNOHEqXve8aIWT8Nu3PkMXWBaOxJ9aORUYzfMQCbVBIhZ8tG');
INSERT INTO tb_user (id, email, firstname, lastname, password) VALUES (27, 'sbendingm@uol.com.br', 'Stern', 'Bending', '$2a$10$eACCYoNOHEqXve8aIWT8Nu3PkMXWBaOxJ9aORUYzfMQCbVBIhZ8tG');
INSERT INTO tb_user (id, email, firstname, lastname, password) VALUES (28, 'ddabelln@google.it', 'Delbert', 'Dabell', '$2a$10$eACCYoNOHEqXve8aIWT8Nu3PkMXWBaOxJ9aORUYzfMQCbVBIhZ8tG');
INSERT INTO tb_user (id, email, firstname, lastname, password) VALUES (29, 'mhampeo@hostgator.com', 'Maryjane', 'Hampe', '$2a$10$eACCYoNOHEqXve8aIWT8Nu3PkMXWBaOxJ9aORUYzfMQCbVBIhZ8tG');
INSERT INTO tb_user (id, email, firstname, lastname, password) VALUES (30, 'dblaiklockp@xinhuanet.com', 'Derick', 'Blaiklock', '$2a$10$eACCYoNOHEqXve8aIWT8Nu3PkMXWBaOxJ9aORUYzfMQCbVBIhZ8tG');
INSERT INTO tb_user (id, email, firstname, lastname, password) VALUES (31, 'ehallumq@google.com.br', 'Eyde', 'Hallum', '$2a$10$eACCYoNOHEqXve8aIWT8Nu3PkMXWBaOxJ9aORUYzfMQCbVBIhZ8tG');
INSERT INTO tb_user (id, email, firstname, lastname, password) VALUES (32, 'lscottr@webeden.co.uk', 'Leese', 'Scott', '$2a$10$eACCYoNOHEqXve8aIWT8Nu3PkMXWBaOxJ9aORUYzfMQCbVBIhZ8tG');
INSERT INTO tb_user (id, email, firstname, lastname, password) VALUES (33, 'tlearoids@devhub.com', 'Thane', 'Learoid', '$2a$10$eACCYoNOHEqXve8aIWT8Nu3PkMXWBaOxJ9aORUYzfMQCbVBIhZ8tG');
INSERT INTO tb_user (id, email, firstname, lastname, password) VALUES (34, 'dconrardt@wikipedia.org', 'Dniren', 'Conrard', '$2a$10$eACCYoNOHEqXve8aIWT8Nu3PkMXWBaOxJ9aORUYzfMQCbVBIhZ8tG');
INSERT INTO tb_user (id, email, firstname, lastname, password) VALUES (35, 'hrickeru@accuweather.com', 'Hamil', 'Ricker', '$2a$10$eACCYoNOHEqXve8aIWT8Nu3PkMXWBaOxJ9aORUYzfMQCbVBIhZ8tG');
INSERT INTO tb_user (id, email, firstname, lastname, password) VALUES (36, 'cbagnoldv@ehow.com', 'Conni', 'Bagnold', '$2a$10$eACCYoNOHEqXve8aIWT8Nu3PkMXWBaOxJ9aORUYzfMQCbVBIhZ8tG');
INSERT INTO tb_user (id, email, firstname, lastname, password) VALUES (37, 'biapicow@disqus.com', 'Ban', 'Iapico', '$2a$10$eACCYoNOHEqXve8aIWT8Nu3PkMXWBaOxJ9aORUYzfMQCbVBIhZ8tG');
INSERT INTO tb_user (id, email, firstname, lastname, password) VALUES (38, 'bsheerinx@chronoengine.com', 'Basile', 'Sheerin', '$2a$10$eACCYoNOHEqXve8aIWT8Nu3PkMXWBaOxJ9aORUYzfMQCbVBIhZ8tG');
INSERT INTO tb_user (id, email, firstname, lastname, password) VALUES (39, 'smaccafferkyy@exblog.jp', 'Sonny', 'MacCafferky', '$2a$10$eACCYoNOHEqXve8aIWT8Nu3PkMXWBaOxJ9aORUYzfMQCbVBIhZ8tG');
INSERT INTO tb_user (id, email, firstname, lastname, password) VALUES (40, 'ubawcockz@i2i.jp', 'Udall', 'Bawcock', '$2a$10$eACCYoNOHEqXve8aIWT8Nu3PkMXWBaOxJ9aORUYzfMQCbVBIhZ8tG');
INSERT INTO tb_user (id, email, firstname, lastname, password) VALUES (41, 'jklyner10@psu.edu', 'Jacqui', 'Klyner', '$2a$10$eACCYoNOHEqXve8aIWT8Nu3PkMXWBaOxJ9aORUYzfMQCbVBIhZ8tG');
INSERT INTO tb_user (id, email, firstname, lastname, password) VALUES (42, 'pgabites11@telegraph.co.uk', 'Pate', 'Gabites', '$2a$10$eACCYoNOHEqXve8aIWT8Nu3PkMXWBaOxJ9aORUYzfMQCbVBIhZ8tG');
INSERT INTO tb_user (id, email, firstname, lastname, password) VALUES (43, 'peim12@engadget.com', 'Paul', 'Eim', '$2a$10$eACCYoNOHEqXve8aIWT8Nu3PkMXWBaOxJ9aORUYzfMQCbVBIhZ8tG');
INSERT INTO tb_user (id, email, firstname, lastname, password) VALUES (44, 'aivermee13@patch.com', 'Ainsley', 'Ivermee', '$2a$10$eACCYoNOHEqXve8aIWT8Nu3PkMXWBaOxJ9aORUYzfMQCbVBIhZ8tG');
INSERT INTO tb_user (id, email, firstname, lastname, password) VALUES (45, 'wziemens14@stanford.edu', 'Willdon', 'Ziemens', '$2a$10$eACCYoNOHEqXve8aIWT8Nu3PkMXWBaOxJ9aORUYzfMQCbVBIhZ8tG');
INSERT INTO tb_user (id, email, firstname, lastname, password) VALUES (46, 'ebrasseur15@domainmarket.com', 'Elisabetta', 'Brasseur', '$2a$10$eACCYoNOHEqXve8aIWT8Nu3PkMXWBaOxJ9aORUYzfMQCbVBIhZ8tG');
INSERT INTO tb_user (id, email, firstname, lastname, password) VALUES (47, 'mhardingham16@cnet.com', 'Mellicent', 'Hardingham', '$2a$10$eACCYoNOHEqXve8aIWT8Nu3PkMXWBaOxJ9aORUYzfMQCbVBIhZ8tG');
INSERT INTO tb_user (id, email, firstname, lastname, password) VALUES (48, 'nrowston17@sciencedaily.com', 'Napoleon', 'Rowston', '$2a$10$eACCYoNOHEqXve8aIWT8Nu3PkMXWBaOxJ9aORUYzfMQCbVBIhZ8tG');
INSERT INTO tb_user (id, email, firstname, lastname, password) VALUES (49, 'bmacallan18@ca.gov', 'Billy', 'MacAllan', '$2a$10$eACCYoNOHEqXve8aIWT8Nu3PkMXWBaOxJ9aORUYzfMQCbVBIhZ8tG');
INSERT INTO tb_user (id, email, firstname, lastname, password) VALUES (50, 'acorsar19@sphinn.com', 'Algernon', 'Corsar', '$2a$10$eACCYoNOHEqXve8aIWT8Nu3PkMXWBaOxJ9aORUYzfMQCbVBIhZ8tG');

INSERT INTO tb_role (id, authority) VALUES (1, 'ROLE_CUSTOMER');
INSERT INTO tb_role (id, authority) VALUES (2, 'ROLE_OPERATOR');
INSERT INTO tb_role (id, authority) VALUES (3, 'ROLE_ADMIN');

INSERT INTO tb_user_role (user_id, role_id) VALUES (1, 1);
INSERT INTO tb_user_role (user_id, role_id) VALUES (1, 2);
INSERT INTO tb_user_role (user_id, role_id) VALUES (1, 3);
INSERT INTO tb_user_role (user_id, role_id) VALUES (2, 1);
INSERT INTO tb_user_role (user_id, role_id) VALUES (2, 2);
INSERT INTO tb_user_role (user_id, role_id) VALUES (2, 3);
INSERT INTO tb_user_role (user_id, role_id) VALUES (3, 1);
INSERT INTO tb_user_role (user_id, role_id) VALUES (3, 2);
INSERT INTO tb_user_role (user_id, role_id) VALUES (4, 1);

--mock tb_user_role
INSERT INTO tb_user_role (user_id, role_id) VALUES (5, 1);
INSERT INTO tb_user_role (user_id, role_id) VALUES (6, 1);
INSERT INTO tb_user_role (user_id, role_id) VALUES (7, 2);
INSERT INTO tb_user_role (user_id, role_id) VALUES (8, 2);
INSERT INTO tb_user_role (user_id, role_id) VALUES (9, 2);
INSERT INTO tb_user_role (user_id, role_id) VALUES (10, 1);
INSERT INTO tb_user_role (user_id, role_id) VALUES (11, 1);
INSERT INTO tb_user_role (user_id, role_id) VALUES (12, 1);
INSERT INTO tb_user_role (user_id, role_id) VALUES (13, 2);
INSERT INTO tb_user_role (user_id, role_id) VALUES (14, 1);
INSERT INTO tb_user_role (user_id, role_id) VALUES (15, 2);
INSERT INTO tb_user_role (user_id, role_id) VALUES (16, 1);
INSERT INTO tb_user_role (user_id, role_id) VALUES (17, 2);
INSERT INTO tb_user_role (user_id, role_id) VALUES (18, 2);
INSERT INTO tb_user_role (user_id, role_id) VALUES (19, 2);
INSERT INTO tb_user_role (user_id, role_id) VALUES (20, 1);
INSERT INTO tb_user_role (user_id, role_id) VALUES (21, 1);
INSERT INTO tb_user_role (user_id, role_id) VALUES (22, 2);
INSERT INTO tb_user_role (user_id, role_id) VALUES (23, 1);
INSERT INTO tb_user_role (user_id, role_id) VALUES (24, 1);
INSERT INTO tb_user_role (user_id, role_id) VALUES (25, 2);
INSERT INTO tb_user_role (user_id, role_id) VALUES (26, 1);
INSERT INTO tb_user_role (user_id, role_id) VALUES (27, 1);
INSERT INTO tb_user_role (user_id, role_id) VALUES (28, 1);
INSERT INTO tb_user_role (user_id, role_id) VALUES (29, 2);
INSERT INTO tb_user_role (user_id, role_id) VALUES (30, 2);
INSERT INTO tb_user_role (user_id, role_id) VALUES (31, 1);
INSERT INTO tb_user_role (user_id, role_id) VALUES (32, 2);
INSERT INTO tb_user_role (user_id, role_id) VALUES (33, 2);
INSERT INTO tb_user_role (user_id, role_id) VALUES (34, 2);
INSERT INTO tb_user_role (user_id, role_id) VALUES (35, 2);
INSERT INTO tb_user_role (user_id, role_id) VALUES (36, 2);
INSERT INTO tb_user_role (user_id, role_id) VALUES (37, 1);
INSERT INTO tb_user_role (user_id, role_id) VALUES (38, 1);
INSERT INTO tb_user_role (user_id, role_id) VALUES (39, 1);
INSERT INTO tb_user_role (user_id, role_id) VALUES (40, 2);
INSERT INTO tb_user_role (user_id, role_id) VALUES (41, 1);
INSERT INTO tb_user_role (user_id, role_id) VALUES (42, 2);
INSERT INTO tb_user_role (user_id, role_id) VALUES (43, 2);
INSERT INTO tb_user_role (user_id, role_id) VALUES (44, 1);
INSERT INTO tb_user_role (user_id, role_id) VALUES (45, 1);
INSERT INTO tb_user_role (user_id, role_id) VALUES (46, 1);
INSERT INTO tb_user_role (user_id, role_id) VALUES (47, 1);
INSERT INTO tb_user_role (user_id, role_id) VALUES (48, 1);
INSERT INTO tb_user_role (user_id, role_id) VALUES (49, 2);
INSERT INTO tb_user_role (user_id, role_id) VALUES (7, 1);
INSERT INTO tb_user_role (user_id, role_id) VALUES (8, 1);
INSERT INTO tb_user_role (user_id, role_id) VALUES (9, 1);
INSERT INTO tb_user_role (user_id, role_id) VALUES (13, 1);
INSERT INTO tb_user_role (user_id, role_id) VALUES (15, 1);
INSERT INTO tb_user_role (user_id, role_id) VALUES (17, 1);
INSERT INTO tb_user_role (user_id, role_id) VALUES (18, 1);
INSERT INTO tb_user_role (user_id, role_id) VALUES (19, 1);
INSERT INTO tb_user_role (user_id, role_id) VALUES (22, 1);
INSERT INTO tb_user_role (user_id, role_id) VALUES (25, 1);
INSERT INTO tb_user_role (user_id, role_id) VALUES (29, 1);
INSERT INTO tb_user_role (user_id, role_id) VALUES (30, 1);
INSERT INTO tb_user_role (user_id, role_id) VALUES (32, 1);
INSERT INTO tb_user_role (user_id, role_id) VALUES (33, 1);
INSERT INTO tb_user_role (user_id, role_id) VALUES (34, 1);
INSERT INTO tb_user_role (user_id, role_id) VALUES (35, 1);
INSERT INTO tb_user_role (user_id, role_id) VALUES (36, 1);
INSERT INTO tb_user_role (user_id, role_id) VALUES (40, 1);
INSERT INTO tb_user_role (user_id, role_id) VALUES (42, 1);
INSERT INTO tb_user_role (user_id, role_id) VALUES (43, 1);
INSERT INTO tb_user_role (user_id, role_id) VALUES (49, 1);
INSERT INTO tb_user_role (user_id, role_id) VALUES (50, 1);


--livros

INSERT INTO tb_category (id, name) VALUES (1, 'thriller');
INSERT INTO tb_category (id, name) VALUES (2, 'fantasy');
INSERT INTO tb_category (id, name) VALUES (3, 'romance');
INSERT INTO tb_category (id, name) VALUES (4, 'engineering');
INSERT INTO tb_category (id, name) VALUES (5, 'adventure');
INSERT INTO tb_category (id, name) VALUES (6, 'terror');
INSERT INTO tb_category (id, name) VALUES (7, 'biography');
INSERT INTO tb_category (id, name) VALUES (8, 'comedy');
INSERT INTO tb_category (id, name) VALUES (9, 'children and family');
INSERT INTO tb_category (id, name) VALUES (10, 'nature');
INSERT INTO tb_category (id, name) VALUES (11, 'sci-fi');
INSERT INTO tb_category (id, name) VALUES (12, 'documentary');
INSERT INTO tb_category (id, name) VALUES (13, 'drama');
INSERT INTO tb_category (id, name) VALUES (14, 'war');
INSERT INTO tb_category (id, name) VALUES (15, 'animation');

INSERT INTO tb_author (id, name, nacionality) VALUES (1, 'Stephen King', 'United States');
INSERT INTO tb_author (id, name, nacionality) VALUES (2, 'Robert Cecil Martin', 'United States');
INSERT INTO tb_author (id, name, nacionality) VALUES (3, 'H. P. Lovecraft', 'United States');
INSERT INTO tb_author (id, name, nacionality) VALUES (4, 'J. K. Rowling', 'United Kingdom');
INSERT INTO tb_author (id, name, nacionality) VALUES (5, 'George R. R. Martin', 'United States');
INSERT INTO tb_author (id, name, nacionality) VALUES (6, 'Ailton Krenak', 'Brazil');

--author mock
INSERT INTO tb_author (id, name, nacionality) VALUES (7, 'Nickie Mieville', 'Norway');
INSERT INTO tb_author (id, name, nacionality) VALUES (8, 'Griffin Grindell', 'Poland');
INSERT INTO tb_author (id, name, nacionality) VALUES (9, 'Ricki Noads', 'Ecuador');
INSERT INTO tb_author (id, name, nacionality) VALUES (10, 'Madelon Alenichicov', 'Russia');
INSERT INTO tb_author (id, name, nacionality) VALUES (11, 'Ebony Cail', 'Cyprus');
INSERT INTO tb_author (id, name, nacionality) VALUES (12, 'Cicely Montilla', 'China');
INSERT INTO tb_author (id, name, nacionality) VALUES (13, 'Vachel Ducarne', 'Saudi Arabia');
INSERT INTO tb_author (id, name, nacionality) VALUES (14, 'Thomasa Murrigans', 'Argentina');
INSERT INTO tb_author (id, name, nacionality) VALUES (15, 'Grannie Baltrushaitis', 'United States');
INSERT INTO tb_author (id, name, nacionality) VALUES (16, 'Rudyard Kelcey', 'China');
INSERT INTO tb_author (id, name, nacionality) VALUES (17, 'Basilio Greet', 'Indonesia');
INSERT INTO tb_author (id, name, nacionality) VALUES (18, 'Angela Rowes', 'Iran');
INSERT INTO tb_author (id, name, nacionality) VALUES (19, 'Velma Blaise', 'Russia');
INSERT INTO tb_author (id, name, nacionality) VALUES (20, 'Siffre Lorraway', 'Suriname');
INSERT INTO tb_author (id, name, nacionality) VALUES (21, 'Kent Januszkiewicz', 'China');
INSERT INTO tb_author (id, name, nacionality) VALUES (22, 'Bill Rice', 'France');
INSERT INTO tb_author (id, name, nacionality) VALUES (23, 'Luis Dallaway', 'Russia');
INSERT INTO tb_author (id, name, nacionality) VALUES (24, 'Belle Alejandre', 'Russia');
INSERT INTO tb_author (id, name, nacionality) VALUES (25, 'Godfrey Danbye', 'Netherlands');
INSERT INTO tb_author (id, name, nacionality) VALUES (26, 'Chrisy Butten', 'Philippines');
INSERT INTO tb_author (id, name, nacionality) VALUES (27, 'Norine Peaseman', 'Honduras');
INSERT INTO tb_author (id, name, nacionality) VALUES (28, 'Bruce Crunkhurn', 'Turkmenistan');
INSERT INTO tb_author (id, name, nacionality) VALUES (29, 'Leonie Garmons', 'China');
INSERT INTO tb_author (id, name, nacionality) VALUES (30, 'Clem Scholler', 'Czech Republic');
INSERT INTO tb_author (id, name, nacionality) VALUES (31, 'Karrah Cridlan', 'Brazil');
INSERT INTO tb_author (id, name, nacionality) VALUES (32, 'Mal Cron', 'China');
INSERT INTO tb_author (id, name, nacionality) VALUES (33, 'Craig Pina', 'Norway');
INSERT INTO tb_author (id, name, nacionality) VALUES (34, 'Genovera LaBastida', 'Philippines');
INSERT INTO tb_author (id, name, nacionality) VALUES (35, 'Betty Mollindinia', 'Brazil');
INSERT INTO tb_author (id, name, nacionality) VALUES (36, 'Brooks Mongin', 'Gambia');
INSERT INTO tb_author (id, name, nacionality) VALUES (37, 'Bert Fyldes', 'Myanmar');
INSERT INTO tb_author (id, name, nacionality) VALUES (38, 'Tanitansy McCrystal', 'Argentina');
INSERT INTO tb_author (id, name, nacionality) VALUES (39, 'Jesus Alexsandrowicz', 'Indonesia');
INSERT INTO tb_author (id, name, nacionality) VALUES (40, 'Gifford Thorndycraft', 'Panama');
INSERT INTO tb_author (id, name, nacionality) VALUES (41, 'Neddie De Launde', 'China');
INSERT INTO tb_author (id, name, nacionality) VALUES (42, 'Idaline Saggs', 'China');
INSERT INTO tb_author (id, name, nacionality) VALUES (43, 'Mala Rzehor', 'South Africa');
INSERT INTO tb_author (id, name, nacionality) VALUES (44, 'Pen Lesek', 'Finland');
INSERT INTO tb_author (id, name, nacionality) VALUES (45, 'Vince Shevell', 'Philippines');
INSERT INTO tb_author (id, name, nacionality) VALUES (46, 'Leticia Lutman', 'Belarus');
INSERT INTO tb_author (id, name, nacionality) VALUES (47, 'Brana Cawt', 'China');
INSERT INTO tb_author (id, name, nacionality) VALUES (48, 'Rouvin Boundy', 'Colombia');
INSERT INTO tb_author (id, name, nacionality) VALUES (49, 'Karie Matthewman', 'Canada');
INSERT INTO tb_author (id, name, nacionality) VALUES (50, 'Hayyim Rosenbusch', 'Peru');
INSERT INTO tb_author (id, name, nacionality) VALUES (51, 'Leeanne Selborne', 'United States');
INSERT INTO tb_author (id, name, nacionality) VALUES (52, 'Giffy Melburg', 'Bosnia and Herzegovina');
INSERT INTO tb_author (id, name, nacionality) VALUES (53, 'Kingsly Newall', 'Indonesia');
INSERT INTO tb_author (id, name, nacionality) VALUES (54, 'Bobbie Warsap', 'Indonesia');
INSERT INTO tb_author (id, name, nacionality) VALUES (55, 'Elmore Skeats', 'Indonesia');
INSERT INTO tb_author (id, name, nacionality) VALUES (56, 'Alvy Goly', 'Philippines');
INSERT INTO tb_author (id, name, nacionality) VALUES (57, 'Kiah Anmore', 'Cameroon');
INSERT INTO tb_author (id, name, nacionality) VALUES (58, 'Gerri Kettlesing', 'China');
INSERT INTO tb_author (id, name, nacionality) VALUES (59, 'Nollie Rakestraw', 'Indonesia');
INSERT INTO tb_author (id, name, nacionality) VALUES (60, 'Noah Sumner', 'Armenia');
INSERT INTO tb_author (id, name, nacionality) VALUES (61, 'Coreen Thirtle', 'Syria');
INSERT INTO tb_author (id, name, nacionality) VALUES (62, 'Ilene Gubbins', 'Niger');
INSERT INTO tb_author (id, name, nacionality) VALUES (63, 'Garnette McClory', 'Indonesia');
INSERT INTO tb_author (id, name, nacionality) VALUES (64, 'Eddie Derrington', 'Poland');
INSERT INTO tb_author (id, name, nacionality) VALUES (65, 'Kordula Cisland', 'Philippines');
INSERT INTO tb_author (id, name, nacionality) VALUES (66, 'Emory Legier', 'Azerbaijan');
INSERT INTO tb_author (id, name, nacionality) VALUES (67, 'Artemas Van der Kruys', 'Russia');
INSERT INTO tb_author (id, name, nacionality) VALUES (68, 'Ferrel McMickan', 'China');
INSERT INTO tb_author (id, name, nacionality) VALUES (69, 'Yorgo Feake', 'Finland');
INSERT INTO tb_author (id, name, nacionality) VALUES (70, 'Laural Ely', 'Palestinian Territory');
INSERT INTO tb_author (id, name, nacionality) VALUES (71, 'Brook Banville', 'Greece');
INSERT INTO tb_author (id, name, nacionality) VALUES (72, 'Claudianus Cracknall', 'Germany');
INSERT INTO tb_author (id, name, nacionality) VALUES (73, 'Kessia O'' Quirk', 'China');
INSERT INTO tb_author (id, name, nacionality) VALUES (74, 'Elizabet Huckle', 'Benin');
INSERT INTO tb_author (id, name, nacionality) VALUES (75, 'Crista Bare', 'Indonesia');
INSERT INTO tb_author (id, name, nacionality) VALUES (76, 'Sherline McAreavey', 'Yemen');
INSERT INTO tb_author (id, name, nacionality) VALUES (77, 'Edward Cron', 'China');
INSERT INTO tb_author (id, name, nacionality) VALUES (78, 'Cissy Quelch', 'Indonesia');
INSERT INTO tb_author (id, name, nacionality) VALUES (79, 'Bren Cheeke', 'Philippines');
INSERT INTO tb_author (id, name, nacionality) VALUES (80, 'Burnaby Feehily', 'Colombia');
INSERT INTO tb_author (id, name, nacionality) VALUES (81, 'Atalanta Davidsohn', 'France');
INSERT INTO tb_author (id, name, nacionality) VALUES (82, 'Van Cleal', 'Poland');
INSERT INTO tb_author (id, name, nacionality) VALUES (83, 'Teresa Linstead', 'China');
INSERT INTO tb_author (id, name, nacionality) VALUES (84, 'Marie-ann Aphale', 'China');
INSERT INTO tb_author (id, name, nacionality) VALUES (85, 'Celine Oloshin', 'Greece');
INSERT INTO tb_author (id, name, nacionality) VALUES (86, 'Romy Janic', 'China');
INSERT INTO tb_author (id, name, nacionality) VALUES (87, 'Kristien Pavlishchev', 'Croatia');
INSERT INTO tb_author (id, name, nacionality) VALUES (88, 'Melisse De Bell', 'Philippines');
INSERT INTO tb_author (id, name, nacionality) VALUES (89, 'Standford Owlner', 'South Africa');
INSERT INTO tb_author (id, name, nacionality) VALUES (90, 'Nicholas Coles', 'Albania');
INSERT INTO tb_author (id, name, nacionality) VALUES (91, 'Moishe Frie', 'China');
INSERT INTO tb_author (id, name, nacionality) VALUES (92, 'Dyann Hasser', 'Ukraine');
INSERT INTO tb_author (id, name, nacionality) VALUES (93, 'Alecia Beldum', 'China');
INSERT INTO tb_author (id, name, nacionality) VALUES (94, 'Barnebas Menego', 'Greece');
INSERT INTO tb_author (id, name, nacionality) VALUES (95, 'Corry Orteaux', 'Philippines');
INSERT INTO tb_author (id, name, nacionality) VALUES (96, 'Crosby Craker', 'Ukraine');
INSERT INTO tb_author (id, name, nacionality) VALUES (97, 'Hort Coytes', 'Micronesia');
INSERT INTO tb_author (id, name, nacionality) VALUES (98, 'Debbi Skewis', 'Portugal');
INSERT INTO tb_author (id, name, nacionality) VALUES (99, 'Hyacinthie Poxson', 'Poland');
INSERT INTO tb_author (id, name, nacionality) VALUES (100, 'Truda Wardhough', 'Cuba');


INSERT INTO tb_book (id, name, release_date, status, img_url, author_id) VALUES (1, 'Outsider', '2018-05-22', 'AVAILABLE', 'https://m.media-amazon.com/images/I/61dOYnvCQ2L._SY344_BO1,204,203,200_QL70_ML2_.jpg', 1);
INSERT INTO tb_book (id, name, release_date, status, img_url, author_id) VALUES (2, 'Clean Code', '2008-08-01', 'AVAILABLE', 'https://m.media-amazon.com/images/I/41SH-SvWPxL.jpg', 2);
INSERT INTO tb_book (id, name, release_date, status, img_url, author_id) VALUES (3, 'The Colour Out of Space', '1927-09-05', 'AVAILABLE', 'https://m.media-amazon.com/images/I/41XGebnVM+L._SY346_.jpg', 3);
INSERT INTO tb_book (id, name, release_date, status, img_url, author_id) VALUES (4, 'Harry Potter and the Philosophers Stone', '1997-06-26', 'AVAILABLE', 'https://m.media-amazon.com/images/I/5165He67NEL._SY346_.jpg', 4);
INSERT INTO tb_book (id, name, release_date, status, img_url, author_id) VALUES (5, 'A Game of Thrones', '1996-08-01', 'AVAILABLE', 'https://m.media-amazon.com/images/I/51D+-f5UcDL.jpg', 5);
INSERT INTO tb_book (id, name, release_date, status, img_url, author_id) VALUES (6, 'Ideias para Adiar o Fim do Mundo', '2020-07-24', 'AVAILABLE', 'https://m.media-amazon.com/images/P/B07RNQB854.01._SCLZZZZZZZ_SX500_.jpg', 6);

--book mocks
INSERT INTO tb_book (id, name, release_date, status, img_url, author_id) VALUES (7, 'the history of Chrisse Caveney', '1986-08-05', 'AVAILABLE', 'https://media.istockphoto.com/id/153952958/photo/blank-hardcover-book-with-copy-space.jpg?s=612x612&w=0&k=20&c=0GwreFm2LXIR0_irlkOvvz45hfRlova_pTZr-v32Pyg=', 4);
INSERT INTO tb_book (id, name, release_date, status, img_url, author_id) VALUES (8, 'the history of Gerardo Gilmour', '1979-07-08', 'AVAILABLE', 'https://media.istockphoto.com/id/153952958/photo/blank-hardcover-book-with-copy-space.jpg?s=612x612&w=0&k=20&c=0GwreFm2LXIR0_irlkOvvz45hfRlova_pTZr-v32Pyg=', 16);
INSERT INTO tb_book (id, name, release_date, status, img_url, author_id) VALUES (9, 'the history of Farr Wadhams', '2005-12-22', 'AVAILABLE', 'https://media.istockphoto.com/id/153952958/photo/blank-hardcover-book-with-copy-space.jpg?s=612x612&w=0&k=20&c=0GwreFm2LXIR0_irlkOvvz45hfRlova_pTZr-v32Pyg=', 38);
INSERT INTO tb_book (id, name, release_date, status, img_url, author_id) VALUES (10, 'the history of Bernadine De-Ville', '2002-05-04', 'AVAILABLE', 'https://media.istockphoto.com/id/153952958/photo/blank-hardcover-book-with-copy-space.jpg?s=612x612&w=0&k=20&c=0GwreFm2LXIR0_irlkOvvz45hfRlova_pTZr-v32Pyg=', 41);
INSERT INTO tb_book (id, name, release_date, status, img_url, author_id) VALUES (11, 'the history of Xever Fridd', '1988-08-29', 'AVAILABLE', 'https://media.istockphoto.com/id/153952958/photo/blank-hardcover-book-with-copy-space.jpg?s=612x612&w=0&k=20&c=0GwreFm2LXIR0_irlkOvvz45hfRlova_pTZr-v32Pyg=', 37);
INSERT INTO tb_book (id, name, release_date, status, img_url, author_id) VALUES (12, 'the history of Sheeree Cordelette', '2006-09-28', 'AVAILABLE', 'https://media.istockphoto.com/id/153952958/photo/blank-hardcover-book-with-copy-space.jpg?s=612x612&w=0&k=20&c=0GwreFm2LXIR0_irlkOvvz45hfRlova_pTZr-v32Pyg=', 18);
INSERT INTO tb_book (id, name, release_date, status, img_url, author_id) VALUES (13, 'the history of Rona Clilverd', '1971-05-10', 'AVAILABLE', 'https://media.istockphoto.com/id/153952958/photo/blank-hardcover-book-with-copy-space.jpg?s=612x612&w=0&k=20&c=0GwreFm2LXIR0_irlkOvvz45hfRlova_pTZr-v32Pyg=', 7);
INSERT INTO tb_book (id, name, release_date, status, img_url, author_id) VALUES (14, 'the history of Lorin O'' Neligan', '1993-04-27', 'AVAILABLE', 'https://media.istockphoto.com/id/153952958/photo/blank-hardcover-book-with-copy-space.jpg?s=612x612&w=0&k=20&c=0GwreFm2LXIR0_irlkOvvz45hfRlova_pTZr-v32Pyg=', 24);
INSERT INTO tb_book (id, name, release_date, status, img_url, author_id) VALUES (15, 'the history of Jillian Roscamps', '2017-07-18', 'AVAILABLE', 'https://media.istockphoto.com/id/153952958/photo/blank-hardcover-book-with-copy-space.jpg?s=612x612&w=0&k=20&c=0GwreFm2LXIR0_irlkOvvz45hfRlova_pTZr-v32Pyg=', 23);
INSERT INTO tb_book (id, name, release_date, status, img_url, author_id) VALUES (16, 'the history of Ellary Meneur', '1984-07-06', 'AVAILABLE', 'https://media.istockphoto.com/id/153952958/photo/blank-hardcover-book-with-copy-space.jpg?s=612x612&w=0&k=20&c=0GwreFm2LXIR0_irlkOvvz45hfRlova_pTZr-v32Pyg=', 98);
INSERT INTO tb_book (id, name, release_date, status, img_url, author_id) VALUES (17, 'the history of Flossy McKerley', '2010-11-01', 'AVAILABLE', 'https://media.istockphoto.com/id/153952958/photo/blank-hardcover-book-with-copy-space.jpg?s=612x612&w=0&k=20&c=0GwreFm2LXIR0_irlkOvvz45hfRlova_pTZr-v32Pyg=', 36);
INSERT INTO tb_book (id, name, release_date, status, img_url, author_id) VALUES (18, 'the history of Athene Bilney', '2014-11-09', 'AVAILABLE', 'https://media.istockphoto.com/id/153952958/photo/blank-hardcover-book-with-copy-space.jpg?s=612x612&w=0&k=20&c=0GwreFm2LXIR0_irlkOvvz45hfRlova_pTZr-v32Pyg=', 62);
INSERT INTO tb_book (id, name, release_date, status, img_url, author_id) VALUES (19, 'the history of Kate Bonnavant', '2006-11-25', 'AVAILABLE', 'https://media.istockphoto.com/id/153952958/photo/blank-hardcover-book-with-copy-space.jpg?s=612x612&w=0&k=20&c=0GwreFm2LXIR0_irlkOvvz45hfRlova_pTZr-v32Pyg=', 97);
INSERT INTO tb_book (id, name, release_date, status, img_url, author_id) VALUES (20, 'the history of Tatum Belvard', '2014-08-18', 'AVAILABLE', 'https://media.istockphoto.com/id/153952958/photo/blank-hardcover-book-with-copy-space.jpg?s=612x612&w=0&k=20&c=0GwreFm2LXIR0_irlkOvvz45hfRlova_pTZr-v32Pyg=', 49);
INSERT INTO tb_book (id, name, release_date, status, img_url, author_id) VALUES (21, 'the history of Maurizia Dudman', '2005-04-09', 'AVAILABLE', 'https://media.istockphoto.com/id/153952958/photo/blank-hardcover-book-with-copy-space.jpg?s=612x612&w=0&k=20&c=0GwreFm2LXIR0_irlkOvvz45hfRlova_pTZr-v32Pyg=', 89);
INSERT INTO tb_book (id, name, release_date, status, img_url, author_id) VALUES (22, 'the history of Jannelle Robke', '1978-09-16', 'AVAILABLE', 'https://media.istockphoto.com/id/153952958/photo/blank-hardcover-book-with-copy-space.jpg?s=612x612&w=0&k=20&c=0GwreFm2LXIR0_irlkOvvz45hfRlova_pTZr-v32Pyg=', 77);
INSERT INTO tb_book (id, name, release_date, status, img_url, author_id) VALUES (23, 'the history of Mendie Jaspar', '1997-06-28', 'AVAILABLE', 'https://media.istockphoto.com/id/153952958/photo/blank-hardcover-book-with-copy-space.jpg?s=612x612&w=0&k=20&c=0GwreFm2LXIR0_irlkOvvz45hfRlova_pTZr-v32Pyg=', 23);
INSERT INTO tb_book (id, name, release_date, status, img_url, author_id) VALUES (24, 'the history of Beverley Balharry', '1983-02-22', 'AVAILABLE', 'https://media.istockphoto.com/id/153952958/photo/blank-hardcover-book-with-copy-space.jpg?s=612x612&w=0&k=20&c=0GwreFm2LXIR0_irlkOvvz45hfRlova_pTZr-v32Pyg=', 55);
INSERT INTO tb_book (id, name, release_date, status, img_url, author_id) VALUES (25, 'the history of Carlyle Phin', '1991-09-21', 'AVAILABLE', 'https://media.istockphoto.com/id/153952958/photo/blank-hardcover-book-with-copy-space.jpg?s=612x612&w=0&k=20&c=0GwreFm2LXIR0_irlkOvvz45hfRlova_pTZr-v32Pyg=', 3);
INSERT INTO tb_book (id, name, release_date, status, img_url, author_id) VALUES (26, 'the history of Berta Shorbrook', '2022-06-09', 'AVAILABLE', 'https://media.istockphoto.com/id/153952958/photo/blank-hardcover-book-with-copy-space.jpg?s=612x612&w=0&k=20&c=0GwreFm2LXIR0_irlkOvvz45hfRlova_pTZr-v32Pyg=', 17);
INSERT INTO tb_book (id, name, release_date, status, img_url, author_id) VALUES (27, 'the history of Dick Avrahm', '1984-06-10', 'AVAILABLE', 'https://media.istockphoto.com/id/153952958/photo/blank-hardcover-book-with-copy-space.jpg?s=612x612&w=0&k=20&c=0GwreFm2LXIR0_irlkOvvz45hfRlova_pTZr-v32Pyg=', 96);
INSERT INTO tb_book (id, name, release_date, status, img_url, author_id) VALUES (28, 'the history of Noelyn Simoni', '1972-09-28', 'AVAILABLE', 'https://media.istockphoto.com/id/153952958/photo/blank-hardcover-book-with-copy-space.jpg?s=612x612&w=0&k=20&c=0GwreFm2LXIR0_irlkOvvz45hfRlova_pTZr-v32Pyg=', 70);
INSERT INTO tb_book (id, name, release_date, status, img_url, author_id) VALUES (29, 'the history of Katy Polson', '2017-07-22', 'AVAILABLE', 'https://media.istockphoto.com/id/153952958/photo/blank-hardcover-book-with-copy-space.jpg?s=612x612&w=0&k=20&c=0GwreFm2LXIR0_irlkOvvz45hfRlova_pTZr-v32Pyg=', 56);
INSERT INTO tb_book (id, name, release_date, status, img_url, author_id) VALUES (30, 'the history of Merell Ayton', '2022-08-21', 'AVAILABLE', 'https://media.istockphoto.com/id/153952958/photo/blank-hardcover-book-with-copy-space.jpg?s=612x612&w=0&k=20&c=0GwreFm2LXIR0_irlkOvvz45hfRlova_pTZr-v32Pyg=', 74);
INSERT INTO tb_book (id, name, release_date, status, img_url, author_id) VALUES (31, 'the history of Norene Riche', '1977-11-27', 'AVAILABLE', 'https://media.istockphoto.com/id/153952958/photo/blank-hardcover-book-with-copy-space.jpg?s=612x612&w=0&k=20&c=0GwreFm2LXIR0_irlkOvvz45hfRlova_pTZr-v32Pyg=', 63);
INSERT INTO tb_book (id, name, release_date, status, img_url, author_id) VALUES (32, 'the history of Angie Revening', '1989-03-14', 'AVAILABLE', 'https://media.istockphoto.com/id/153952958/photo/blank-hardcover-book-with-copy-space.jpg?s=612x612&w=0&k=20&c=0GwreFm2LXIR0_irlkOvvz45hfRlova_pTZr-v32Pyg=', 43);
INSERT INTO tb_book (id, name, release_date, status, img_url, author_id) VALUES (33, 'the history of Veriee Colebeck', '1989-03-06', 'AVAILABLE', 'https://media.istockphoto.com/id/153952958/photo/blank-hardcover-book-with-copy-space.jpg?s=612x612&w=0&k=20&c=0GwreFm2LXIR0_irlkOvvz45hfRlova_pTZr-v32Pyg=', 4);
INSERT INTO tb_book (id, name, release_date, status, img_url, author_id) VALUES (34, 'the history of Graehme Penlington', '1992-02-21', 'AVAILABLE', 'https://media.istockphoto.com/id/153952958/photo/blank-hardcover-book-with-copy-space.jpg?s=612x612&w=0&k=20&c=0GwreFm2LXIR0_irlkOvvz45hfRlova_pTZr-v32Pyg=', 13);
INSERT INTO tb_book (id, name, release_date, status, img_url, author_id) VALUES (35, 'the history of Cookie Kenan', '1998-12-22', 'AVAILABLE', 'https://media.istockphoto.com/id/153952958/photo/blank-hardcover-book-with-copy-space.jpg?s=612x612&w=0&k=20&c=0GwreFm2LXIR0_irlkOvvz45hfRlova_pTZr-v32Pyg=', 92);
INSERT INTO tb_book (id, name, release_date, status, img_url, author_id) VALUES (36, 'the history of Arron Pace', '1987-10-25', 'AVAILABLE', 'https://media.istockphoto.com/id/153952958/photo/blank-hardcover-book-with-copy-space.jpg?s=612x612&w=0&k=20&c=0GwreFm2LXIR0_irlkOvvz45hfRlova_pTZr-v32Pyg=', 29);
INSERT INTO tb_book (id, name, release_date, status, img_url, author_id) VALUES (37, 'the history of Flemming Yanson', '1977-04-16', 'AVAILABLE', 'https://media.istockphoto.com/id/153952958/photo/blank-hardcover-book-with-copy-space.jpg?s=612x612&w=0&k=20&c=0GwreFm2LXIR0_irlkOvvz45hfRlova_pTZr-v32Pyg=', 65);
INSERT INTO tb_book (id, name, release_date, status, img_url, author_id) VALUES (38, 'the history of Chevy Pendered', '2003-12-19', 'AVAILABLE', 'https://media.istockphoto.com/id/153952958/photo/blank-hardcover-book-with-copy-space.jpg?s=612x612&w=0&k=20&c=0GwreFm2LXIR0_irlkOvvz45hfRlova_pTZr-v32Pyg=', 25);
INSERT INTO tb_book (id, name, release_date, status, img_url, author_id) VALUES (39, 'the history of Aile Nockles', '2018-03-05', 'AVAILABLE', 'https://media.istockphoto.com/id/153952958/photo/blank-hardcover-book-with-copy-space.jpg?s=612x612&w=0&k=20&c=0GwreFm2LXIR0_irlkOvvz45hfRlova_pTZr-v32Pyg=', 58);
INSERT INTO tb_book (id, name, release_date, status, img_url, author_id) VALUES (40, 'the history of Jacklyn Philip', '2003-05-20', 'AVAILABLE', 'https://media.istockphoto.com/id/153952958/photo/blank-hardcover-book-with-copy-space.jpg?s=612x612&w=0&k=20&c=0GwreFm2LXIR0_irlkOvvz45hfRlova_pTZr-v32Pyg=', 55);
INSERT INTO tb_book (id, name, release_date, status, img_url, author_id) VALUES (41, 'the history of Neile Pretor', '1972-05-01', 'AVAILABLE', 'https://media.istockphoto.com/id/153952958/photo/blank-hardcover-book-with-copy-space.jpg?s=612x612&w=0&k=20&c=0GwreFm2LXIR0_irlkOvvz45hfRlova_pTZr-v32Pyg=', 92);
INSERT INTO tb_book (id, name, release_date, status, img_url, author_id) VALUES (42, 'the history of Adelind Formoy', '1972-02-08', 'AVAILABLE', 'https://media.istockphoto.com/id/153952958/photo/blank-hardcover-book-with-copy-space.jpg?s=612x612&w=0&k=20&c=0GwreFm2LXIR0_irlkOvvz45hfRlova_pTZr-v32Pyg=', 45);
INSERT INTO tb_book (id, name, release_date, status, img_url, author_id) VALUES (43, 'the history of Dael Mangeon', '2008-04-28', 'AVAILABLE', 'https://media.istockphoto.com/id/153952958/photo/blank-hardcover-book-with-copy-space.jpg?s=612x612&w=0&k=20&c=0GwreFm2LXIR0_irlkOvvz45hfRlova_pTZr-v32Pyg=', 28);
INSERT INTO tb_book (id, name, release_date, status, img_url, author_id) VALUES (44, 'the history of Doria Stenett', '1980-12-16', 'AVAILABLE', 'https://media.istockphoto.com/id/153952958/photo/blank-hardcover-book-with-copy-space.jpg?s=612x612&w=0&k=20&c=0GwreFm2LXIR0_irlkOvvz45hfRlova_pTZr-v32Pyg=', 85);
INSERT INTO tb_book (id, name, release_date, status, img_url, author_id) VALUES (45, 'the history of Carolin Tilston', '1996-05-12', 'AVAILABLE', 'https://media.istockphoto.com/id/153952958/photo/blank-hardcover-book-with-copy-space.jpg?s=612x612&w=0&k=20&c=0GwreFm2LXIR0_irlkOvvz45hfRlova_pTZr-v32Pyg=', 45);
INSERT INTO tb_book (id, name, release_date, status, img_url, author_id) VALUES (46, 'the history of Karna Scawen', '1975-10-20', 'AVAILABLE', 'https://media.istockphoto.com/id/153952958/photo/blank-hardcover-book-with-copy-space.jpg?s=612x612&w=0&k=20&c=0GwreFm2LXIR0_irlkOvvz45hfRlova_pTZr-v32Pyg=', 80);
INSERT INTO tb_book (id, name, release_date, status, img_url, author_id) VALUES (47, 'the history of Chev Simion', '1986-11-12', 'AVAILABLE', 'https://media.istockphoto.com/id/153952958/photo/blank-hardcover-book-with-copy-space.jpg?s=612x612&w=0&k=20&c=0GwreFm2LXIR0_irlkOvvz45hfRlova_pTZr-v32Pyg=', 29);
INSERT INTO tb_book (id, name, release_date, status, img_url, author_id) VALUES (48, 'the history of Calley Pomeroy', '2001-10-21', 'AVAILABLE', 'https://media.istockphoto.com/id/153952958/photo/blank-hardcover-book-with-copy-space.jpg?s=612x612&w=0&k=20&c=0GwreFm2LXIR0_irlkOvvz45hfRlova_pTZr-v32Pyg=', 61);
INSERT INTO tb_book (id, name, release_date, status, img_url, author_id) VALUES (49, 'the history of Chaddie Harcarse', '1982-01-06', 'AVAILABLE', 'https://media.istockphoto.com/id/153952958/photo/blank-hardcover-book-with-copy-space.jpg?s=612x612&w=0&k=20&c=0GwreFm2LXIR0_irlkOvvz45hfRlova_pTZr-v32Pyg=', 28);
INSERT INTO tb_book (id, name, release_date, status, img_url, author_id) VALUES (50, 'the history of Berry Toland', '2008-04-28', 'AVAILABLE', 'https://media.istockphoto.com/id/153952958/photo/blank-hardcover-book-with-copy-space.jpg?s=612x612&w=0&k=20&c=0GwreFm2LXIR0_irlkOvvz45hfRlova_pTZr-v32Pyg=', 1);
INSERT INTO tb_book (id, name, release_date, status, img_url, author_id) VALUES (51, 'the history of Olivier Jedrych', '2017-09-26', 'AVAILABLE', 'https://media.istockphoto.com/id/153952958/photo/blank-hardcover-book-with-copy-space.jpg?s=612x612&w=0&k=20&c=0GwreFm2LXIR0_irlkOvvz45hfRlova_pTZr-v32Pyg=', 78);
INSERT INTO tb_book (id, name, release_date, status, img_url, author_id) VALUES (52, 'the history of Francoise Kenealy', '2004-10-31', 'AVAILABLE', 'https://media.istockphoto.com/id/153952958/photo/blank-hardcover-book-with-copy-space.jpg?s=612x612&w=0&k=20&c=0GwreFm2LXIR0_irlkOvvz45hfRlova_pTZr-v32Pyg=', 8);
INSERT INTO tb_book (id, name, release_date, status, img_url, author_id) VALUES (53, 'the history of Lorry Martill', '2007-12-08', 'AVAILABLE', 'https://media.istockphoto.com/id/153952958/photo/blank-hardcover-book-with-copy-space.jpg?s=612x612&w=0&k=20&c=0GwreFm2LXIR0_irlkOvvz45hfRlova_pTZr-v32Pyg=', 47);
INSERT INTO tb_book (id, name, release_date, status, img_url, author_id) VALUES (54, 'the history of Merwin Loudyan', '1994-12-07', 'AVAILABLE', 'https://media.istockphoto.com/id/153952958/photo/blank-hardcover-book-with-copy-space.jpg?s=612x612&w=0&k=20&c=0GwreFm2LXIR0_irlkOvvz45hfRlova_pTZr-v32Pyg=', 63);
INSERT INTO tb_book (id, name, release_date, status, img_url, author_id) VALUES (55, 'the history of Zonnya Souness', '1994-01-22', 'AVAILABLE', 'https://media.istockphoto.com/id/153952958/photo/blank-hardcover-book-with-copy-space.jpg?s=612x612&w=0&k=20&c=0GwreFm2LXIR0_irlkOvvz45hfRlova_pTZr-v32Pyg=', 6);
INSERT INTO tb_book (id, name, release_date, status, img_url, author_id) VALUES (56, 'the history of Jacinda Moen', '1987-06-23', 'AVAILABLE', 'https://media.istockphoto.com/id/153952958/photo/blank-hardcover-book-with-copy-space.jpg?s=612x612&w=0&k=20&c=0GwreFm2LXIR0_irlkOvvz45hfRlova_pTZr-v32Pyg=', 66);
INSERT INTO tb_book (id, name, release_date, status, img_url, author_id) VALUES (57, 'the history of Jesus Vinton', '1998-12-29', 'AVAILABLE', 'https://media.istockphoto.com/id/153952958/photo/blank-hardcover-book-with-copy-space.jpg?s=612x612&w=0&k=20&c=0GwreFm2LXIR0_irlkOvvz45hfRlova_pTZr-v32Pyg=', 82);
INSERT INTO tb_book (id, name, release_date, status, img_url, author_id) VALUES (58, 'the history of Lothario Sutherington', '2019-12-08', 'AVAILABLE', 'https://media.istockphoto.com/id/153952958/photo/blank-hardcover-book-with-copy-space.jpg?s=612x612&w=0&k=20&c=0GwreFm2LXIR0_irlkOvvz45hfRlova_pTZr-v32Pyg=', 75);
INSERT INTO tb_book (id, name, release_date, status, img_url, author_id) VALUES (59, 'the history of Lilah Glasscott', '1971-10-03', 'AVAILABLE', 'https://media.istockphoto.com/id/153952958/photo/blank-hardcover-book-with-copy-space.jpg?s=612x612&w=0&k=20&c=0GwreFm2LXIR0_irlkOvvz45hfRlova_pTZr-v32Pyg=', 21);
INSERT INTO tb_book (id, name, release_date, status, img_url, author_id) VALUES (60, 'the history of Jedd Rowbrey', '2014-08-16', 'AVAILABLE', 'https://media.istockphoto.com/id/153952958/photo/blank-hardcover-book-with-copy-space.jpg?s=612x612&w=0&k=20&c=0GwreFm2LXIR0_irlkOvvz45hfRlova_pTZr-v32Pyg=', 20);
INSERT INTO tb_book (id, name, release_date, status, img_url, author_id) VALUES (61, 'the history of Vivianna Jansa', '1988-08-04', 'AVAILABLE', 'https://media.istockphoto.com/id/153952958/photo/blank-hardcover-book-with-copy-space.jpg?s=612x612&w=0&k=20&c=0GwreFm2LXIR0_irlkOvvz45hfRlova_pTZr-v32Pyg=', 26);
INSERT INTO tb_book (id, name, release_date, status, img_url, author_id) VALUES (62, 'the history of Melisande Rosenbarg', '1970-06-22', 'AVAILABLE', 'https://media.istockphoto.com/id/153952958/photo/blank-hardcover-book-with-copy-space.jpg?s=612x612&w=0&k=20&c=0GwreFm2LXIR0_irlkOvvz45hfRlova_pTZr-v32Pyg=', 30);
INSERT INTO tb_book (id, name, release_date, status, img_url, author_id) VALUES (63, 'the history of Willis Tomczykiewicz', '1983-02-04', 'AVAILABLE', 'https://media.istockphoto.com/id/153952958/photo/blank-hardcover-book-with-copy-space.jpg?s=612x612&w=0&k=20&c=0GwreFm2LXIR0_irlkOvvz45hfRlova_pTZr-v32Pyg=', 90);
INSERT INTO tb_book (id, name, release_date, status, img_url, author_id) VALUES (64, 'the history of Bert Rexworthy', '1974-01-01', 'AVAILABLE', 'https://media.istockphoto.com/id/153952958/photo/blank-hardcover-book-with-copy-space.jpg?s=612x612&w=0&k=20&c=0GwreFm2LXIR0_irlkOvvz45hfRlova_pTZr-v32Pyg=', 82);
INSERT INTO tb_book (id, name, release_date, status, img_url, author_id) VALUES (65, 'the history of Gianna Champion', '1981-10-27', 'AVAILABLE', 'https://media.istockphoto.com/id/153952958/photo/blank-hardcover-book-with-copy-space.jpg?s=612x612&w=0&k=20&c=0GwreFm2LXIR0_irlkOvvz45hfRlova_pTZr-v32Pyg=', 87);
INSERT INTO tb_book (id, name, release_date, status, img_url, author_id) VALUES (66, 'the history of Fanechka Capeling', '1981-05-29', 'AVAILABLE', 'https://media.istockphoto.com/id/153952958/photo/blank-hardcover-book-with-copy-space.jpg?s=612x612&w=0&k=20&c=0GwreFm2LXIR0_irlkOvvz45hfRlova_pTZr-v32Pyg=', 68);
INSERT INTO tb_book (id, name, release_date, status, img_url, author_id) VALUES (67, 'the history of Fredrick Fitzroy', '1996-03-26', 'AVAILABLE', 'https://media.istockphoto.com/id/153952958/photo/blank-hardcover-book-with-copy-space.jpg?s=612x612&w=0&k=20&c=0GwreFm2LXIR0_irlkOvvz45hfRlova_pTZr-v32Pyg=', 57);
INSERT INTO tb_book (id, name, release_date, status, img_url, author_id) VALUES (68, 'the history of Winnah Kinvan', '2012-12-06', 'AVAILABLE', 'https://media.istockphoto.com/id/153952958/photo/blank-hardcover-book-with-copy-space.jpg?s=612x612&w=0&k=20&c=0GwreFm2LXIR0_irlkOvvz45hfRlova_pTZr-v32Pyg=', 56);
INSERT INTO tb_book (id, name, release_date, status, img_url, author_id) VALUES (69, 'the history of Clotilda Hymas', '1981-12-31', 'AVAILABLE', 'https://media.istockphoto.com/id/153952958/photo/blank-hardcover-book-with-copy-space.jpg?s=612x612&w=0&k=20&c=0GwreFm2LXIR0_irlkOvvz45hfRlova_pTZr-v32Pyg=', 77);
INSERT INTO tb_book (id, name, release_date, status, img_url, author_id) VALUES (70, 'the history of Modesta Lyngsted', '1995-09-21', 'AVAILABLE', 'https://media.istockphoto.com/id/153952958/photo/blank-hardcover-book-with-copy-space.jpg?s=612x612&w=0&k=20&c=0GwreFm2LXIR0_irlkOvvz45hfRlova_pTZr-v32Pyg=', 90);
INSERT INTO tb_book (id, name, release_date, status, img_url, author_id) VALUES (71, 'the history of Leonardo Christofides', '1979-12-15', 'AVAILABLE', 'https://media.istockphoto.com/id/153952958/photo/blank-hardcover-book-with-copy-space.jpg?s=612x612&w=0&k=20&c=0GwreFm2LXIR0_irlkOvvz45hfRlova_pTZr-v32Pyg=', 38);
INSERT INTO tb_book (id, name, release_date, status, img_url, author_id) VALUES (72, 'the history of L;urette Greenig', '1970-08-02', 'AVAILABLE', 'https://media.istockphoto.com/id/153952958/photo/blank-hardcover-book-with-copy-space.jpg?s=612x612&w=0&k=20&c=0GwreFm2LXIR0_irlkOvvz45hfRlova_pTZr-v32Pyg=', 69);
INSERT INTO tb_book (id, name, release_date, status, img_url, author_id) VALUES (73, 'the history of Noella Sifleet', '2022-05-14', 'AVAILABLE', 'https://media.istockphoto.com/id/153952958/photo/blank-hardcover-book-with-copy-space.jpg?s=612x612&w=0&k=20&c=0GwreFm2LXIR0_irlkOvvz45hfRlova_pTZr-v32Pyg=', 28);
INSERT INTO tb_book (id, name, release_date, status, img_url, author_id) VALUES (74, 'the history of Imelda Polglase', '1992-06-22', 'AVAILABLE', 'https://media.istockphoto.com/id/153952958/photo/blank-hardcover-book-with-copy-space.jpg?s=612x612&w=0&k=20&c=0GwreFm2LXIR0_irlkOvvz45hfRlova_pTZr-v32Pyg=', 59);
INSERT INTO tb_book (id, name, release_date, status, img_url, author_id) VALUES (75, 'the history of Brander Prestage', '1999-10-08', 'AVAILABLE', 'https://media.istockphoto.com/id/153952958/photo/blank-hardcover-book-with-copy-space.jpg?s=612x612&w=0&k=20&c=0GwreFm2LXIR0_irlkOvvz45hfRlova_pTZr-v32Pyg=', 49);
INSERT INTO tb_book (id, name, release_date, status, img_url, author_id) VALUES (76, 'the history of Regen Jachimiak', '1977-12-07', 'AVAILABLE', 'https://media.istockphoto.com/id/153952958/photo/blank-hardcover-book-with-copy-space.jpg?s=612x612&w=0&k=20&c=0GwreFm2LXIR0_irlkOvvz45hfRlova_pTZr-v32Pyg=', 60);
INSERT INTO tb_book (id, name, release_date, status, img_url, author_id) VALUES (77, 'the history of Jocelyn Wrightim', '2005-09-25', 'AVAILABLE', 'https://media.istockphoto.com/id/153952958/photo/blank-hardcover-book-with-copy-space.jpg?s=612x612&w=0&k=20&c=0GwreFm2LXIR0_irlkOvvz45hfRlova_pTZr-v32Pyg=', 17);
INSERT INTO tb_book (id, name, release_date, status, img_url, author_id) VALUES (78, 'the history of Reid Canby', '2012-09-11', 'AVAILABLE', 'https://media.istockphoto.com/id/153952958/photo/blank-hardcover-book-with-copy-space.jpg?s=612x612&w=0&k=20&c=0GwreFm2LXIR0_irlkOvvz45hfRlova_pTZr-v32Pyg=', 46);
INSERT INTO tb_book (id, name, release_date, status, img_url, author_id) VALUES (79, 'the history of Brendin Pounds', '2005-02-16', 'AVAILABLE', 'https://media.istockphoto.com/id/153952958/photo/blank-hardcover-book-with-copy-space.jpg?s=612x612&w=0&k=20&c=0GwreFm2LXIR0_irlkOvvz45hfRlova_pTZr-v32Pyg=', 73);
INSERT INTO tb_book (id, name, release_date, status, img_url, author_id) VALUES (80, 'the history of Roldan Tiffin', '2021-12-15', 'AVAILABLE', 'https://media.istockphoto.com/id/153952958/photo/blank-hardcover-book-with-copy-space.jpg?s=612x612&w=0&k=20&c=0GwreFm2LXIR0_irlkOvvz45hfRlova_pTZr-v32Pyg=', 3);
INSERT INTO tb_book (id, name, release_date, status, img_url, author_id) VALUES (81, 'the history of Meredith Ovanesian', '1999-01-08', 'AVAILABLE', 'https://media.istockphoto.com/id/153952958/photo/blank-hardcover-book-with-copy-space.jpg?s=612x612&w=0&k=20&c=0GwreFm2LXIR0_irlkOvvz45hfRlova_pTZr-v32Pyg=', 47);
INSERT INTO tb_book (id, name, release_date, status, img_url, author_id) VALUES (82, 'the history of Wendeline Pregel', '1995-12-15', 'AVAILABLE', 'https://media.istockphoto.com/id/153952958/photo/blank-hardcover-book-with-copy-space.jpg?s=612x612&w=0&k=20&c=0GwreFm2LXIR0_irlkOvvz45hfRlova_pTZr-v32Pyg=', 69);
INSERT INTO tb_book (id, name, release_date, status, img_url, author_id) VALUES (83, 'the history of Roobbie Renshell', '1979-09-26', 'AVAILABLE', 'https://media.istockphoto.com/id/153952958/photo/blank-hardcover-book-with-copy-space.jpg?s=612x612&w=0&k=20&c=0GwreFm2LXIR0_irlkOvvz45hfRlova_pTZr-v32Pyg=', 43);
INSERT INTO tb_book (id, name, release_date, status, img_url, author_id) VALUES (84, 'the history of Emmie Borrington', '1989-05-09', 'AVAILABLE', 'https://media.istockphoto.com/id/153952958/photo/blank-hardcover-book-with-copy-space.jpg?s=612x612&w=0&k=20&c=0GwreFm2LXIR0_irlkOvvz45hfRlova_pTZr-v32Pyg=', 15);
INSERT INTO tb_book (id, name, release_date, status, img_url, author_id) VALUES (85, 'the history of Virgie Giacobo', '1981-04-21', 'AVAILABLE', 'https://media.istockphoto.com/id/153952958/photo/blank-hardcover-book-with-copy-space.jpg?s=612x612&w=0&k=20&c=0GwreFm2LXIR0_irlkOvvz45hfRlova_pTZr-v32Pyg=', 62);
INSERT INTO tb_book (id, name, release_date, status, img_url, author_id) VALUES (86, 'the history of Derrick Geeson', '1989-04-14', 'AVAILABLE', 'https://media.istockphoto.com/id/153952958/photo/blank-hardcover-book-with-copy-space.jpg?s=612x612&w=0&k=20&c=0GwreFm2LXIR0_irlkOvvz45hfRlova_pTZr-v32Pyg=', 69);
INSERT INTO tb_book (id, name, release_date, status, img_url, author_id) VALUES (87, 'the history of Ben Daingerfield', '1990-10-21', 'AVAILABLE', 'https://media.istockphoto.com/id/153952958/photo/blank-hardcover-book-with-copy-space.jpg?s=612x612&w=0&k=20&c=0GwreFm2LXIR0_irlkOvvz45hfRlova_pTZr-v32Pyg=', 67);
INSERT INTO tb_book (id, name, release_date, status, img_url, author_id) VALUES (88, 'the history of Christina Reide', '1984-10-30', 'AVAILABLE', 'https://media.istockphoto.com/id/153952958/photo/blank-hardcover-book-with-copy-space.jpg?s=612x612&w=0&k=20&c=0GwreFm2LXIR0_irlkOvvz45hfRlova_pTZr-v32Pyg=', 24);
INSERT INTO tb_book (id, name, release_date, status, img_url, author_id) VALUES (89, 'the history of Rex Odegaard', '2015-08-25', 'AVAILABLE', 'https://media.istockphoto.com/id/153952958/photo/blank-hardcover-book-with-copy-space.jpg?s=612x612&w=0&k=20&c=0GwreFm2LXIR0_irlkOvvz45hfRlova_pTZr-v32Pyg=', 77);
INSERT INTO tb_book (id, name, release_date, status, img_url, author_id) VALUES (90, 'the history of Emmalynne Bareford', '2007-05-27', 'AVAILABLE', 'https://media.istockphoto.com/id/153952958/photo/blank-hardcover-book-with-copy-space.jpg?s=612x612&w=0&k=20&c=0GwreFm2LXIR0_irlkOvvz45hfRlova_pTZr-v32Pyg=', 62);
INSERT INTO tb_book (id, name, release_date, status, img_url, author_id) VALUES (91, 'the history of Gabriell Blackbrough', '1988-05-19', 'AVAILABLE', 'https://media.istockphoto.com/id/153952958/photo/blank-hardcover-book-with-copy-space.jpg?s=612x612&w=0&k=20&c=0GwreFm2LXIR0_irlkOvvz45hfRlova_pTZr-v32Pyg=', 23);
INSERT INTO tb_book (id, name, release_date, status, img_url, author_id) VALUES (92, 'the history of Audrie Bottoner', '1996-02-10', 'AVAILABLE', 'https://media.istockphoto.com/id/153952958/photo/blank-hardcover-book-with-copy-space.jpg?s=612x612&w=0&k=20&c=0GwreFm2LXIR0_irlkOvvz45hfRlova_pTZr-v32Pyg=', 65);
INSERT INTO tb_book (id, name, release_date, status, img_url, author_id) VALUES (93, 'the history of Patten Boulden', '2012-01-06', 'AVAILABLE', 'https://media.istockphoto.com/id/153952958/photo/blank-hardcover-book-with-copy-space.jpg?s=612x612&w=0&k=20&c=0GwreFm2LXIR0_irlkOvvz45hfRlova_pTZr-v32Pyg=', 89);
INSERT INTO tb_book (id, name, release_date, status, img_url, author_id) VALUES (94, 'the history of Joan Valeri', '1975-03-05', 'AVAILABLE', 'https://media.istockphoto.com/id/153952958/photo/blank-hardcover-book-with-copy-space.jpg?s=612x612&w=0&k=20&c=0GwreFm2LXIR0_irlkOvvz45hfRlova_pTZr-v32Pyg=', 65);
INSERT INTO tb_book (id, name, release_date, status, img_url, author_id) VALUES (95, 'the history of Gannie Buckston', '1980-09-27', 'AVAILABLE', 'https://media.istockphoto.com/id/153952958/photo/blank-hardcover-book-with-copy-space.jpg?s=612x612&w=0&k=20&c=0GwreFm2LXIR0_irlkOvvz45hfRlova_pTZr-v32Pyg=', 50);
INSERT INTO tb_book (id, name, release_date, status, img_url, author_id) VALUES (96, 'the history of Ola Cripin', '1988-08-15', 'AVAILABLE', 'https://media.istockphoto.com/id/153952958/photo/blank-hardcover-book-with-copy-space.jpg?s=612x612&w=0&k=20&c=0GwreFm2LXIR0_irlkOvvz45hfRlova_pTZr-v32Pyg=', 56);
INSERT INTO tb_book (id, name, release_date, status, img_url, author_id) VALUES (97, 'the history of Pietrek Bauckham', '1984-02-28', 'AVAILABLE', 'https://media.istockphoto.com/id/153952958/photo/blank-hardcover-book-with-copy-space.jpg?s=612x612&w=0&k=20&c=0GwreFm2LXIR0_irlkOvvz45hfRlova_pTZr-v32Pyg=', 69);
INSERT INTO tb_book (id, name, release_date, status, img_url, author_id) VALUES (98, 'the history of Erma Maplethorp', '1980-10-18', 'AVAILABLE', 'https://media.istockphoto.com/id/153952958/photo/blank-hardcover-book-with-copy-space.jpg?s=612x612&w=0&k=20&c=0GwreFm2LXIR0_irlkOvvz45hfRlova_pTZr-v32Pyg=', 44);
INSERT INTO tb_book (id, name, release_date, status, img_url, author_id) VALUES (99, 'the history of Garnette Fairfoot', '2007-04-09', 'AVAILABLE', 'https://media.istockphoto.com/id/153952958/photo/blank-hardcover-book-with-copy-space.jpg?s=612x612&w=0&k=20&c=0GwreFm2LXIR0_irlkOvvz45hfRlova_pTZr-v32Pyg=', 55);
INSERT INTO tb_book (id, name, release_date, status, img_url, author_id) VALUES (100, 'the history of Jo Blundan', '2017-03-10', 'AVAILABLE', 'https://media.istockphoto.com/id/153952958/photo/blank-hardcover-book-with-copy-space.jpg?s=612x612&w=0&k=20&c=0GwreFm2LXIR0_irlkOvvz45hfRlova_pTZr-v32Pyg=', 13);
INSERT INTO tb_book (id, name, release_date, status, img_url, author_id) VALUES (101, 'the history of Tandy Rivalant', '2014-10-31', 'AVAILABLE', 'https://media.istockphoto.com/id/153952958/photo/blank-hardcover-book-with-copy-space.jpg?s=612x612&w=0&k=20&c=0GwreFm2LXIR0_irlkOvvz45hfRlova_pTZr-v32Pyg=', 9);
INSERT INTO tb_book (id, name, release_date, status, img_url, author_id) VALUES (102, 'the history of Sigrid Merida', '2007-05-10', 'AVAILABLE', 'https://media.istockphoto.com/id/153952958/photo/blank-hardcover-book-with-copy-space.jpg?s=612x612&w=0&k=20&c=0GwreFm2LXIR0_irlkOvvz45hfRlova_pTZr-v32Pyg=', 70);
INSERT INTO tb_book (id, name, release_date, status, img_url, author_id) VALUES (103, 'the history of Payton Osinin', '1986-11-20', 'AVAILABLE', 'https://media.istockphoto.com/id/153952958/photo/blank-hardcover-book-with-copy-space.jpg?s=612x612&w=0&k=20&c=0GwreFm2LXIR0_irlkOvvz45hfRlova_pTZr-v32Pyg=', 15);
INSERT INTO tb_book (id, name, release_date, status, img_url, author_id) VALUES (104, 'the history of Dana Backler', '1991-09-18', 'AVAILABLE', 'https://media.istockphoto.com/id/153952958/photo/blank-hardcover-book-with-copy-space.jpg?s=612x612&w=0&k=20&c=0GwreFm2LXIR0_irlkOvvz45hfRlova_pTZr-v32Pyg=', 68);
INSERT INTO tb_book (id, name, release_date, status, img_url, author_id) VALUES (105, 'the history of Waylen Yushkin', '1975-03-13', 'AVAILABLE', 'https://media.istockphoto.com/id/153952958/photo/blank-hardcover-book-with-copy-space.jpg?s=612x612&w=0&k=20&c=0GwreFm2LXIR0_irlkOvvz45hfRlova_pTZr-v32Pyg=', 11);
INSERT INTO tb_book (id, name, release_date, status, img_url, author_id) VALUES (106, 'the history of Dierdre Greyes', '1983-05-04', 'AVAILABLE', 'https://media.istockphoto.com/id/153952958/photo/blank-hardcover-book-with-copy-space.jpg?s=612x612&w=0&k=20&c=0GwreFm2LXIR0_irlkOvvz45hfRlova_pTZr-v32Pyg=', 38);
INSERT INTO tb_book (id, name, release_date, status, img_url, author_id) VALUES (107, 'the history of Tammy Cordeux', '2004-02-22', 'AVAILABLE', 'https://media.istockphoto.com/id/153952958/photo/blank-hardcover-book-with-copy-space.jpg?s=612x612&w=0&k=20&c=0GwreFm2LXIR0_irlkOvvz45hfRlova_pTZr-v32Pyg=', 82);
INSERT INTO tb_book (id, name, release_date, status, img_url, author_id) VALUES (108, 'the history of Kippy Luke', '1992-08-07', 'AVAILABLE', 'https://media.istockphoto.com/id/153952958/photo/blank-hardcover-book-with-copy-space.jpg?s=612x612&w=0&k=20&c=0GwreFm2LXIR0_irlkOvvz45hfRlova_pTZr-v32Pyg=', 25);
INSERT INTO tb_book (id, name, release_date, status, img_url, author_id) VALUES (109, 'the history of Sammy Rouge', '1990-05-29', 'AVAILABLE', 'https://media.istockphoto.com/id/153952958/photo/blank-hardcover-book-with-copy-space.jpg?s=612x612&w=0&k=20&c=0GwreFm2LXIR0_irlkOvvz45hfRlova_pTZr-v32Pyg=', 1);
INSERT INTO tb_book (id, name, release_date, status, img_url, author_id) VALUES (110, 'the history of Lynn Croasdale', '1971-02-28', 'AVAILABLE', 'https://media.istockphoto.com/id/153952958/photo/blank-hardcover-book-with-copy-space.jpg?s=612x612&w=0&k=20&c=0GwreFm2LXIR0_irlkOvvz45hfRlova_pTZr-v32Pyg=', 67);
INSERT INTO tb_book (id, name, release_date, status, img_url, author_id) VALUES (111, 'the history of Gottfried Paler', '1980-03-13', 'AVAILABLE', 'https://media.istockphoto.com/id/153952958/photo/blank-hardcover-book-with-copy-space.jpg?s=612x612&w=0&k=20&c=0GwreFm2LXIR0_irlkOvvz45hfRlova_pTZr-v32Pyg=', 29);
INSERT INTO tb_book (id, name, release_date, status, img_url, author_id) VALUES (112, 'the history of Luce Salvage', '1983-10-06', 'AVAILABLE', 'https://media.istockphoto.com/id/153952958/photo/blank-hardcover-book-with-copy-space.jpg?s=612x612&w=0&k=20&c=0GwreFm2LXIR0_irlkOvvz45hfRlova_pTZr-v32Pyg=', 99);
INSERT INTO tb_book (id, name, release_date, status, img_url, author_id) VALUES (113, 'the history of Berton Cunniffe', '1998-06-30', 'AVAILABLE', 'https://media.istockphoto.com/id/153952958/photo/blank-hardcover-book-with-copy-space.jpg?s=612x612&w=0&k=20&c=0GwreFm2LXIR0_irlkOvvz45hfRlova_pTZr-v32Pyg=', 48);
INSERT INTO tb_book (id, name, release_date, status, img_url, author_id) VALUES (114, 'the history of Sandi Laherty', '2022-11-25', 'AVAILABLE', 'https://media.istockphoto.com/id/153952958/photo/blank-hardcover-book-with-copy-space.jpg?s=612x612&w=0&k=20&c=0GwreFm2LXIR0_irlkOvvz45hfRlova_pTZr-v32Pyg=', 93);
INSERT INTO tb_book (id, name, release_date, status, img_url, author_id) VALUES (115, 'the history of Jillane Murdoch', '2018-08-30', 'AVAILABLE', 'https://media.istockphoto.com/id/153952958/photo/blank-hardcover-book-with-copy-space.jpg?s=612x612&w=0&k=20&c=0GwreFm2LXIR0_irlkOvvz45hfRlova_pTZr-v32Pyg=', 89);
INSERT INTO tb_book (id, name, release_date, status, img_url, author_id) VALUES (116, 'the history of Jason Coolson', '1973-08-17', 'AVAILABLE', 'https://media.istockphoto.com/id/153952958/photo/blank-hardcover-book-with-copy-space.jpg?s=612x612&w=0&k=20&c=0GwreFm2LXIR0_irlkOvvz45hfRlova_pTZr-v32Pyg=', 80);
INSERT INTO tb_book (id, name, release_date, status, img_url, author_id) VALUES (117, 'the history of Kerianne Sayers', '2007-03-16', 'AVAILABLE', 'https://media.istockphoto.com/id/153952958/photo/blank-hardcover-book-with-copy-space.jpg?s=612x612&w=0&k=20&c=0GwreFm2LXIR0_irlkOvvz45hfRlova_pTZr-v32Pyg=', 22);
INSERT INTO tb_book (id, name, release_date, status, img_url, author_id) VALUES (118, 'the history of Liz Tulip', '2012-01-24', 'AVAILABLE', 'https://media.istockphoto.com/id/153952958/photo/blank-hardcover-book-with-copy-space.jpg?s=612x612&w=0&k=20&c=0GwreFm2LXIR0_irlkOvvz45hfRlova_pTZr-v32Pyg=', 16);
INSERT INTO tb_book (id, name, release_date, status, img_url, author_id) VALUES (119, 'the history of Gabby Jenoure', '1979-06-26', 'AVAILABLE', 'https://media.istockphoto.com/id/153952958/photo/blank-hardcover-book-with-copy-space.jpg?s=612x612&w=0&k=20&c=0GwreFm2LXIR0_irlkOvvz45hfRlova_pTZr-v32Pyg=', 42);
INSERT INTO tb_book (id, name, release_date, status, img_url, author_id) VALUES (120, 'the history of Lyndsay Barkshire', '2013-05-10', 'AVAILABLE', 'https://media.istockphoto.com/id/153952958/photo/blank-hardcover-book-with-copy-space.jpg?s=612x612&w=0&k=20&c=0GwreFm2LXIR0_irlkOvvz45hfRlova_pTZr-v32Pyg=', 90);
INSERT INTO tb_book (id, name, release_date, status, img_url, author_id) VALUES (121, 'the history of Maudie Linkin', '1978-08-17', 'AVAILABLE', 'https://media.istockphoto.com/id/153952958/photo/blank-hardcover-book-with-copy-space.jpg?s=612x612&w=0&k=20&c=0GwreFm2LXIR0_irlkOvvz45hfRlova_pTZr-v32Pyg=', 19);
INSERT INTO tb_book (id, name, release_date, status, img_url, author_id) VALUES (122, 'the history of Bethena Aveyard', '2003-03-14', 'AVAILABLE', 'https://media.istockphoto.com/id/153952958/photo/blank-hardcover-book-with-copy-space.jpg?s=612x612&w=0&k=20&c=0GwreFm2LXIR0_irlkOvvz45hfRlova_pTZr-v32Pyg=', 49);
INSERT INTO tb_book (id, name, release_date, status, img_url, author_id) VALUES (123, 'the history of Elisabetta Tillett', '2009-08-02', 'AVAILABLE', 'https://media.istockphoto.com/id/153952958/photo/blank-hardcover-book-with-copy-space.jpg?s=612x612&w=0&k=20&c=0GwreFm2LXIR0_irlkOvvz45hfRlova_pTZr-v32Pyg=', 77);
INSERT INTO tb_book (id, name, release_date, status, img_url, author_id) VALUES (124, 'the history of Matty Walls', '2017-12-28', 'AVAILABLE', 'https://media.istockphoto.com/id/153952958/photo/blank-hardcover-book-with-copy-space.jpg?s=612x612&w=0&k=20&c=0GwreFm2LXIR0_irlkOvvz45hfRlova_pTZr-v32Pyg=', 25);
INSERT INTO tb_book (id, name, release_date, status, img_url, author_id) VALUES (125, 'the history of Angelika Kenworthy', '2015-06-02', 'AVAILABLE', 'https://media.istockphoto.com/id/153952958/photo/blank-hardcover-book-with-copy-space.jpg?s=612x612&w=0&k=20&c=0GwreFm2LXIR0_irlkOvvz45hfRlova_pTZr-v32Pyg=', 18);
INSERT INTO tb_book (id, name, release_date, status, img_url, author_id) VALUES (126, 'the history of Alexander Tippler', '1987-05-10', 'AVAILABLE', 'https://media.istockphoto.com/id/153952958/photo/blank-hardcover-book-with-copy-space.jpg?s=612x612&w=0&k=20&c=0GwreFm2LXIR0_irlkOvvz45hfRlova_pTZr-v32Pyg=', 68);
INSERT INTO tb_book (id, name, release_date, status, img_url, author_id) VALUES (127, 'the history of Phyllys Zorzin', '1977-10-25', 'AVAILABLE', 'https://media.istockphoto.com/id/153952958/photo/blank-hardcover-book-with-copy-space.jpg?s=612x612&w=0&k=20&c=0GwreFm2LXIR0_irlkOvvz45hfRlova_pTZr-v32Pyg=', 95);
INSERT INTO tb_book (id, name, release_date, status, img_url, author_id) VALUES (128, 'the history of Dory Whear', '2019-01-06', 'AVAILABLE', 'https://media.istockphoto.com/id/153952958/photo/blank-hardcover-book-with-copy-space.jpg?s=612x612&w=0&k=20&c=0GwreFm2LXIR0_irlkOvvz45hfRlova_pTZr-v32Pyg=', 10);
INSERT INTO tb_book (id, name, release_date, status, img_url, author_id) VALUES (129, 'the history of Roley MacNulty', '1985-03-11', 'AVAILABLE', 'https://media.istockphoto.com/id/153952958/photo/blank-hardcover-book-with-copy-space.jpg?s=612x612&w=0&k=20&c=0GwreFm2LXIR0_irlkOvvz45hfRlova_pTZr-v32Pyg=', 85);
INSERT INTO tb_book (id, name, release_date, status, img_url, author_id) VALUES (130, 'the history of Sybyl Trasler', '1979-04-08', 'AVAILABLE', 'https://media.istockphoto.com/id/153952958/photo/blank-hardcover-book-with-copy-space.jpg?s=612x612&w=0&k=20&c=0GwreFm2LXIR0_irlkOvvz45hfRlova_pTZr-v32Pyg=', 73);
INSERT INTO tb_book (id, name, release_date, status, img_url, author_id) VALUES (131, 'the history of Micheil Beagley', '1973-10-20', 'AVAILABLE', 'https://media.istockphoto.com/id/153952958/photo/blank-hardcover-book-with-copy-space.jpg?s=612x612&w=0&k=20&c=0GwreFm2LXIR0_irlkOvvz45hfRlova_pTZr-v32Pyg=', 64);
INSERT INTO tb_book (id, name, release_date, status, img_url, author_id) VALUES (132, 'the history of Alexi Rubra', '1990-01-25', 'AVAILABLE', 'https://media.istockphoto.com/id/153952958/photo/blank-hardcover-book-with-copy-space.jpg?s=612x612&w=0&k=20&c=0GwreFm2LXIR0_irlkOvvz45hfRlova_pTZr-v32Pyg=', 32);
INSERT INTO tb_book (id, name, release_date, status, img_url, author_id) VALUES (133, 'the history of Winifield Tilne', '1977-09-11', 'AVAILABLE', 'https://media.istockphoto.com/id/153952958/photo/blank-hardcover-book-with-copy-space.jpg?s=612x612&w=0&k=20&c=0GwreFm2LXIR0_irlkOvvz45hfRlova_pTZr-v32Pyg=', 65);
INSERT INTO tb_book (id, name, release_date, status, img_url, author_id) VALUES (134, 'the history of Massimiliano Bunting', '2020-06-29', 'AVAILABLE', 'https://media.istockphoto.com/id/153952958/photo/blank-hardcover-book-with-copy-space.jpg?s=612x612&w=0&k=20&c=0GwreFm2LXIR0_irlkOvvz45hfRlova_pTZr-v32Pyg=', 84);
INSERT INTO tb_book (id, name, release_date, status, img_url, author_id) VALUES (135, 'the history of Gabriello Bergstram', '2016-04-29', 'AVAILABLE', 'https://media.istockphoto.com/id/153952958/photo/blank-hardcover-book-with-copy-space.jpg?s=612x612&w=0&k=20&c=0GwreFm2LXIR0_irlkOvvz45hfRlova_pTZr-v32Pyg=', 40);
INSERT INTO tb_book (id, name, release_date, status, img_url, author_id) VALUES (136, 'the history of Coleen O''Keeffe', '1974-11-28', 'AVAILABLE', 'https://media.istockphoto.com/id/153952958/photo/blank-hardcover-book-with-copy-space.jpg?s=612x612&w=0&k=20&c=0GwreFm2LXIR0_irlkOvvz45hfRlova_pTZr-v32Pyg=', 59);
INSERT INTO tb_book (id, name, release_date, status, img_url, author_id) VALUES (137, 'the history of Bradan Schimoni', '2010-12-21', 'AVAILABLE', 'https://media.istockphoto.com/id/153952958/photo/blank-hardcover-book-with-copy-space.jpg?s=612x612&w=0&k=20&c=0GwreFm2LXIR0_irlkOvvz45hfRlova_pTZr-v32Pyg=', 68);
INSERT INTO tb_book (id, name, release_date, status, img_url, author_id) VALUES (138, 'the history of Cristi Sabin', '1971-05-25', 'AVAILABLE', 'https://media.istockphoto.com/id/153952958/photo/blank-hardcover-book-with-copy-space.jpg?s=612x612&w=0&k=20&c=0GwreFm2LXIR0_irlkOvvz45hfRlova_pTZr-v32Pyg=', 52);
INSERT INTO tb_book (id, name, release_date, status, img_url, author_id) VALUES (139, 'the history of Liana Coggan', '1987-10-16', 'AVAILABLE', 'https://media.istockphoto.com/id/153952958/photo/blank-hardcover-book-with-copy-space.jpg?s=612x612&w=0&k=20&c=0GwreFm2LXIR0_irlkOvvz45hfRlova_pTZr-v32Pyg=', 34);
INSERT INTO tb_book (id, name, release_date, status, img_url, author_id) VALUES (140, 'the history of Noel Cristofari', '1977-01-05', 'AVAILABLE', 'https://media.istockphoto.com/id/153952958/photo/blank-hardcover-book-with-copy-space.jpg?s=612x612&w=0&k=20&c=0GwreFm2LXIR0_irlkOvvz45hfRlova_pTZr-v32Pyg=', 26);
INSERT INTO tb_book (id, name, release_date, status, img_url, author_id) VALUES (141, 'the history of Leoline Wyon', '1982-02-28', 'AVAILABLE', 'https://media.istockphoto.com/id/153952958/photo/blank-hardcover-book-with-copy-space.jpg?s=612x612&w=0&k=20&c=0GwreFm2LXIR0_irlkOvvz45hfRlova_pTZr-v32Pyg=', 63);
INSERT INTO tb_book (id, name, release_date, status, img_url, author_id) VALUES (142, 'the history of Kit Hanssmann', '2006-01-17', 'AVAILABLE', 'https://media.istockphoto.com/id/153952958/photo/blank-hardcover-book-with-copy-space.jpg?s=612x612&w=0&k=20&c=0GwreFm2LXIR0_irlkOvvz45hfRlova_pTZr-v32Pyg=', 49);
INSERT INTO tb_book (id, name, release_date, status, img_url, author_id) VALUES (143, 'the history of Codi Pritchett', '1985-03-08', 'AVAILABLE', 'https://media.istockphoto.com/id/153952958/photo/blank-hardcover-book-with-copy-space.jpg?s=612x612&w=0&k=20&c=0GwreFm2LXIR0_irlkOvvz45hfRlova_pTZr-v32Pyg=', 36);
INSERT INTO tb_book (id, name, release_date, status, img_url, author_id) VALUES (144, 'the history of Bobine Doerrling', '1988-10-09', 'AVAILABLE', 'https://media.istockphoto.com/id/153952958/photo/blank-hardcover-book-with-copy-space.jpg?s=612x612&w=0&k=20&c=0GwreFm2LXIR0_irlkOvvz45hfRlova_pTZr-v32Pyg=', 36);
INSERT INTO tb_book (id, name, release_date, status, img_url, author_id) VALUES (145, 'the history of Lucilia Foldes', '2013-05-14', 'AVAILABLE', 'https://media.istockphoto.com/id/153952958/photo/blank-hardcover-book-with-copy-space.jpg?s=612x612&w=0&k=20&c=0GwreFm2LXIR0_irlkOvvz45hfRlova_pTZr-v32Pyg=', 62);
INSERT INTO tb_book (id, name, release_date, status, img_url, author_id) VALUES (146, 'the history of Dotty Isles', '1975-03-03', 'AVAILABLE', 'https://media.istockphoto.com/id/153952958/photo/blank-hardcover-book-with-copy-space.jpg?s=612x612&w=0&k=20&c=0GwreFm2LXIR0_irlkOvvz45hfRlova_pTZr-v32Pyg=', 80);
INSERT INTO tb_book (id, name, release_date, status, img_url, author_id) VALUES (147, 'the history of Dorothy Bech', '2012-09-26', 'AVAILABLE', 'https://media.istockphoto.com/id/153952958/photo/blank-hardcover-book-with-copy-space.jpg?s=612x612&w=0&k=20&c=0GwreFm2LXIR0_irlkOvvz45hfRlova_pTZr-v32Pyg=', 26);
INSERT INTO tb_book (id, name, release_date, status, img_url, author_id) VALUES (148, 'the history of Reuben Finby', '1994-05-22', 'AVAILABLE', 'https://media.istockphoto.com/id/153952958/photo/blank-hardcover-book-with-copy-space.jpg?s=612x612&w=0&k=20&c=0GwreFm2LXIR0_irlkOvvz45hfRlova_pTZr-v32Pyg=', 88);
INSERT INTO tb_book (id, name, release_date, status, img_url, author_id) VALUES (149, 'the history of Martainn Chillcot', '1970-02-13', 'AVAILABLE', 'https://media.istockphoto.com/id/153952958/photo/blank-hardcover-book-with-copy-space.jpg?s=612x612&w=0&k=20&c=0GwreFm2LXIR0_irlkOvvz45hfRlova_pTZr-v32Pyg=', 66);
INSERT INTO tb_book (id, name, release_date, status, img_url, author_id) VALUES (150, 'the history of Saul Conquest', '2003-06-08', 'AVAILABLE', 'https://media.istockphoto.com/id/153952958/photo/blank-hardcover-book-with-copy-space.jpg?s=612x612&w=0&k=20&c=0GwreFm2LXIR0_irlkOvvz45hfRlova_pTZr-v32Pyg=', 90);
INSERT INTO tb_book (id, name, release_date, status, img_url, author_id) VALUES (151, 'the history of Inesita Hurley', '1970-11-01', 'AVAILABLE', 'https://media.istockphoto.com/id/153952958/photo/blank-hardcover-book-with-copy-space.jpg?s=612x612&w=0&k=20&c=0GwreFm2LXIR0_irlkOvvz45hfRlova_pTZr-v32Pyg=', 80);
INSERT INTO tb_book (id, name, release_date, status, img_url, author_id) VALUES (152, 'the history of Brandon Rennenbach', '2016-07-19', 'AVAILABLE', 'https://media.istockphoto.com/id/153952958/photo/blank-hardcover-book-with-copy-space.jpg?s=612x612&w=0&k=20&c=0GwreFm2LXIR0_irlkOvvz45hfRlova_pTZr-v32Pyg=', 36);
INSERT INTO tb_book (id, name, release_date, status, img_url, author_id) VALUES (153, 'the history of Florian Coaten', '1998-05-08', 'AVAILABLE', 'https://media.istockphoto.com/id/153952958/photo/blank-hardcover-book-with-copy-space.jpg?s=612x612&w=0&k=20&c=0GwreFm2LXIR0_irlkOvvz45hfRlova_pTZr-v32Pyg=', 14);
INSERT INTO tb_book (id, name, release_date, status, img_url, author_id) VALUES (154, 'the history of Lyn Pencott', '2013-03-02', 'AVAILABLE', 'https://media.istockphoto.com/id/153952958/photo/blank-hardcover-book-with-copy-space.jpg?s=612x612&w=0&k=20&c=0GwreFm2LXIR0_irlkOvvz45hfRlova_pTZr-v32Pyg=', 26);
INSERT INTO tb_book (id, name, release_date, status, img_url, author_id) VALUES (155, 'the history of Bennie Giorgini', '2005-08-24', 'AVAILABLE', 'https://media.istockphoto.com/id/153952958/photo/blank-hardcover-book-with-copy-space.jpg?s=612x612&w=0&k=20&c=0GwreFm2LXIR0_irlkOvvz45hfRlova_pTZr-v32Pyg=', 21);
INSERT INTO tb_book (id, name, release_date, status, img_url, author_id) VALUES (156, 'the history of Shaylah Bowsher', '2004-04-19', 'AVAILABLE', 'https://media.istockphoto.com/id/153952958/photo/blank-hardcover-book-with-copy-space.jpg?s=612x612&w=0&k=20&c=0GwreFm2LXIR0_irlkOvvz45hfRlova_pTZr-v32Pyg=', 81);
INSERT INTO tb_book (id, name, release_date, status, img_url, author_id) VALUES (157, 'the history of Claudine Einchcombe', '1976-09-12', 'AVAILABLE', 'https://media.istockphoto.com/id/153952958/photo/blank-hardcover-book-with-copy-space.jpg?s=612x612&w=0&k=20&c=0GwreFm2LXIR0_irlkOvvz45hfRlova_pTZr-v32Pyg=', 78);
INSERT INTO tb_book (id, name, release_date, status, img_url, author_id) VALUES (158, 'the history of Selinda Conwell', '2021-12-19', 'AVAILABLE', 'https://media.istockphoto.com/id/153952958/photo/blank-hardcover-book-with-copy-space.jpg?s=612x612&w=0&k=20&c=0GwreFm2LXIR0_irlkOvvz45hfRlova_pTZr-v32Pyg=', 54);
INSERT INTO tb_book (id, name, release_date, status, img_url, author_id) VALUES (159, 'the history of Vivyanne Presslee', '1998-04-01', 'AVAILABLE', 'https://media.istockphoto.com/id/153952958/photo/blank-hardcover-book-with-copy-space.jpg?s=612x612&w=0&k=20&c=0GwreFm2LXIR0_irlkOvvz45hfRlova_pTZr-v32Pyg=', 12);
INSERT INTO tb_book (id, name, release_date, status, img_url, author_id) VALUES (160, 'the history of Derril Jaquiss', '1993-09-08', 'AVAILABLE', 'https://media.istockphoto.com/id/153952958/photo/blank-hardcover-book-with-copy-space.jpg?s=612x612&w=0&k=20&c=0GwreFm2LXIR0_irlkOvvz45hfRlova_pTZr-v32Pyg=', 69);
INSERT INTO tb_book (id, name, release_date, status, img_url, author_id) VALUES (161, 'the history of Inessa Blest', '1974-08-01', 'AVAILABLE', 'https://media.istockphoto.com/id/153952958/photo/blank-hardcover-book-with-copy-space.jpg?s=612x612&w=0&k=20&c=0GwreFm2LXIR0_irlkOvvz45hfRlova_pTZr-v32Pyg=', 6);
INSERT INTO tb_book (id, name, release_date, status, img_url, author_id) VALUES (162, 'the history of Quinn Dabels', '1974-05-20', 'AVAILABLE', 'https://media.istockphoto.com/id/153952958/photo/blank-hardcover-book-with-copy-space.jpg?s=612x612&w=0&k=20&c=0GwreFm2LXIR0_irlkOvvz45hfRlova_pTZr-v32Pyg=', 79);
INSERT INTO tb_book (id, name, release_date, status, img_url, author_id) VALUES (163, 'the history of Rory Tenbrug', '1975-03-09', 'AVAILABLE', 'https://media.istockphoto.com/id/153952958/photo/blank-hardcover-book-with-copy-space.jpg?s=612x612&w=0&k=20&c=0GwreFm2LXIR0_irlkOvvz45hfRlova_pTZr-v32Pyg=', 71);
INSERT INTO tb_book (id, name, release_date, status, img_url, author_id) VALUES (164, 'the history of Barbara McIlmurray', '2018-11-04', 'AVAILABLE', 'https://media.istockphoto.com/id/153952958/photo/blank-hardcover-book-with-copy-space.jpg?s=612x612&w=0&k=20&c=0GwreFm2LXIR0_irlkOvvz45hfRlova_pTZr-v32Pyg=', 59);
INSERT INTO tb_book (id, name, release_date, status, img_url, author_id) VALUES (165, 'the history of Symon Abells', '2022-03-29', 'AVAILABLE', 'https://media.istockphoto.com/id/153952958/photo/blank-hardcover-book-with-copy-space.jpg?s=612x612&w=0&k=20&c=0GwreFm2LXIR0_irlkOvvz45hfRlova_pTZr-v32Pyg=', 25);
INSERT INTO tb_book (id, name, release_date, status, img_url, author_id) VALUES (166, 'the history of Saunderson Mewes', '2014-09-11', 'AVAILABLE', 'https://media.istockphoto.com/id/153952958/photo/blank-hardcover-book-with-copy-space.jpg?s=612x612&w=0&k=20&c=0GwreFm2LXIR0_irlkOvvz45hfRlova_pTZr-v32Pyg=', 16);
INSERT INTO tb_book (id, name, release_date, status, img_url, author_id) VALUES (167, 'the history of Mufi Yearns', '1982-10-11', 'AVAILABLE', 'https://media.istockphoto.com/id/153952958/photo/blank-hardcover-book-with-copy-space.jpg?s=612x612&w=0&k=20&c=0GwreFm2LXIR0_irlkOvvz45hfRlova_pTZr-v32Pyg=', 53);
INSERT INTO tb_book (id, name, release_date, status, img_url, author_id) VALUES (168, 'the history of Joelle Durno', '2018-09-06', 'AVAILABLE', 'https://media.istockphoto.com/id/153952958/photo/blank-hardcover-book-with-copy-space.jpg?s=612x612&w=0&k=20&c=0GwreFm2LXIR0_irlkOvvz45hfRlova_pTZr-v32Pyg=', 94);
INSERT INTO tb_book (id, name, release_date, status, img_url, author_id) VALUES (169, 'the history of Granville Klimentyev', '2014-05-16', 'AVAILABLE', 'https://media.istockphoto.com/id/153952958/photo/blank-hardcover-book-with-copy-space.jpg?s=612x612&w=0&k=20&c=0GwreFm2LXIR0_irlkOvvz45hfRlova_pTZr-v32Pyg=', 6);
INSERT INTO tb_book (id, name, release_date, status, img_url, author_id) VALUES (170, 'the history of Web Greenstead', '1983-12-25', 'AVAILABLE', 'https://media.istockphoto.com/id/153952958/photo/blank-hardcover-book-with-copy-space.jpg?s=612x612&w=0&k=20&c=0GwreFm2LXIR0_irlkOvvz45hfRlova_pTZr-v32Pyg=', 91);
INSERT INTO tb_book (id, name, release_date, status, img_url, author_id) VALUES (171, 'the history of Jennine Eddisford', '2020-07-25', 'AVAILABLE', 'https://media.istockphoto.com/id/153952958/photo/blank-hardcover-book-with-copy-space.jpg?s=612x612&w=0&k=20&c=0GwreFm2LXIR0_irlkOvvz45hfRlova_pTZr-v32Pyg=', 21);
INSERT INTO tb_book (id, name, release_date, status, img_url, author_id) VALUES (172, 'the history of Candy Pretious', '1985-02-03', 'AVAILABLE', 'https://media.istockphoto.com/id/153952958/photo/blank-hardcover-book-with-copy-space.jpg?s=612x612&w=0&k=20&c=0GwreFm2LXIR0_irlkOvvz45hfRlova_pTZr-v32Pyg=', 10);
INSERT INTO tb_book (id, name, release_date, status, img_url, author_id) VALUES (173, 'the history of Angelika Lobley', '2012-10-23', 'AVAILABLE', 'https://media.istockphoto.com/id/153952958/photo/blank-hardcover-book-with-copy-space.jpg?s=612x612&w=0&k=20&c=0GwreFm2LXIR0_irlkOvvz45hfRlova_pTZr-v32Pyg=', 38);
INSERT INTO tb_book (id, name, release_date, status, img_url, author_id) VALUES (174, 'the history of Willdon Pitson', '2017-03-27', 'AVAILABLE', 'https://media.istockphoto.com/id/153952958/photo/blank-hardcover-book-with-copy-space.jpg?s=612x612&w=0&k=20&c=0GwreFm2LXIR0_irlkOvvz45hfRlova_pTZr-v32Pyg=', 55);
INSERT INTO tb_book (id, name, release_date, status, img_url, author_id) VALUES (175, 'the history of Vita Cokayne', '1987-08-13', 'AVAILABLE', 'https://media.istockphoto.com/id/153952958/photo/blank-hardcover-book-with-copy-space.jpg?s=612x612&w=0&k=20&c=0GwreFm2LXIR0_irlkOvvz45hfRlova_pTZr-v32Pyg=', 92);
INSERT INTO tb_book (id, name, release_date, status, img_url, author_id) VALUES (176, 'the history of Alidia Boshere', '1981-02-14', 'AVAILABLE', 'https://media.istockphoto.com/id/153952958/photo/blank-hardcover-book-with-copy-space.jpg?s=612x612&w=0&k=20&c=0GwreFm2LXIR0_irlkOvvz45hfRlova_pTZr-v32Pyg=', 69);
INSERT INTO tb_book (id, name, release_date, status, img_url, author_id) VALUES (177, 'the history of Yule Brimman', '2020-02-16', 'AVAILABLE', 'https://media.istockphoto.com/id/153952958/photo/blank-hardcover-book-with-copy-space.jpg?s=612x612&w=0&k=20&c=0GwreFm2LXIR0_irlkOvvz45hfRlova_pTZr-v32Pyg=', 22);
INSERT INTO tb_book (id, name, release_date, status, img_url, author_id) VALUES (178, 'the history of Blisse Sturrock', '2005-10-01', 'AVAILABLE', 'https://media.istockphoto.com/id/153952958/photo/blank-hardcover-book-with-copy-space.jpg?s=612x612&w=0&k=20&c=0GwreFm2LXIR0_irlkOvvz45hfRlova_pTZr-v32Pyg=', 63);
INSERT INTO tb_book (id, name, release_date, status, img_url, author_id) VALUES (179, 'the history of Chauncey Faley', '1975-06-27', 'AVAILABLE', 'https://media.istockphoto.com/id/153952958/photo/blank-hardcover-book-with-copy-space.jpg?s=612x612&w=0&k=20&c=0GwreFm2LXIR0_irlkOvvz45hfRlova_pTZr-v32Pyg=', 87);
INSERT INTO tb_book (id, name, release_date, status, img_url, author_id) VALUES (180, 'the history of Vivianna Tomblett', '2018-03-09', 'AVAILABLE', 'https://media.istockphoto.com/id/153952958/photo/blank-hardcover-book-with-copy-space.jpg?s=612x612&w=0&k=20&c=0GwreFm2LXIR0_irlkOvvz45hfRlova_pTZr-v32Pyg=', 16);
INSERT INTO tb_book (id, name, release_date, status, img_url, author_id) VALUES (181, 'the history of Lacee Yurevich', '2014-09-28', 'AVAILABLE', 'https://media.istockphoto.com/id/153952958/photo/blank-hardcover-book-with-copy-space.jpg?s=612x612&w=0&k=20&c=0GwreFm2LXIR0_irlkOvvz45hfRlova_pTZr-v32Pyg=', 69);
INSERT INTO tb_book (id, name, release_date, status, img_url, author_id) VALUES (182, 'the history of Marlin Anyene', '2011-02-09', 'AVAILABLE', 'https://media.istockphoto.com/id/153952958/photo/blank-hardcover-book-with-copy-space.jpg?s=612x612&w=0&k=20&c=0GwreFm2LXIR0_irlkOvvz45hfRlova_pTZr-v32Pyg=', 59);
INSERT INTO tb_book (id, name, release_date, status, img_url, author_id) VALUES (183, 'the history of Udall Rich', '1996-11-22', 'AVAILABLE', 'https://media.istockphoto.com/id/153952958/photo/blank-hardcover-book-with-copy-space.jpg?s=612x612&w=0&k=20&c=0GwreFm2LXIR0_irlkOvvz45hfRlova_pTZr-v32Pyg=', 16);
INSERT INTO tb_book (id, name, release_date, status, img_url, author_id) VALUES (184, 'the history of Leigha Loughren', '1974-03-10', 'AVAILABLE', 'https://media.istockphoto.com/id/153952958/photo/blank-hardcover-book-with-copy-space.jpg?s=612x612&w=0&k=20&c=0GwreFm2LXIR0_irlkOvvz45hfRlova_pTZr-v32Pyg=', 68);
INSERT INTO tb_book (id, name, release_date, status, img_url, author_id) VALUES (185, 'the history of Isadore Grayshon', '2012-06-05', 'AVAILABLE', 'https://media.istockphoto.com/id/153952958/photo/blank-hardcover-book-with-copy-space.jpg?s=612x612&w=0&k=20&c=0GwreFm2LXIR0_irlkOvvz45hfRlova_pTZr-v32Pyg=', 47);
INSERT INTO tb_book (id, name, release_date, status, img_url, author_id) VALUES (186, 'the history of Kristian Camlin', '2005-06-20', 'AVAILABLE', 'https://media.istockphoto.com/id/153952958/photo/blank-hardcover-book-with-copy-space.jpg?s=612x612&w=0&k=20&c=0GwreFm2LXIR0_irlkOvvz45hfRlova_pTZr-v32Pyg=', 75);
INSERT INTO tb_book (id, name, release_date, status, img_url, author_id) VALUES (187, 'the history of Sherman Eickhoff', '1972-11-04', 'AVAILABLE', 'https://media.istockphoto.com/id/153952958/photo/blank-hardcover-book-with-copy-space.jpg?s=612x612&w=0&k=20&c=0GwreFm2LXIR0_irlkOvvz45hfRlova_pTZr-v32Pyg=', 13);
INSERT INTO tb_book (id, name, release_date, status, img_url, author_id) VALUES (188, 'the history of Ivory Gillyatt', '1978-10-01', 'AVAILABLE', 'https://media.istockphoto.com/id/153952958/photo/blank-hardcover-book-with-copy-space.jpg?s=612x612&w=0&k=20&c=0GwreFm2LXIR0_irlkOvvz45hfRlova_pTZr-v32Pyg=', 28);
INSERT INTO tb_book (id, name, release_date, status, img_url, author_id) VALUES (189, 'the history of Aldon Tommasuzzi', '1971-06-26', 'AVAILABLE', 'https://media.istockphoto.com/id/153952958/photo/blank-hardcover-book-with-copy-space.jpg?s=612x612&w=0&k=20&c=0GwreFm2LXIR0_irlkOvvz45hfRlova_pTZr-v32Pyg=', 19);
INSERT INTO tb_book (id, name, release_date, status, img_url, author_id) VALUES (190, 'the history of Nonnah Dudny', '2005-04-23', 'AVAILABLE', 'https://media.istockphoto.com/id/153952958/photo/blank-hardcover-book-with-copy-space.jpg?s=612x612&w=0&k=20&c=0GwreFm2LXIR0_irlkOvvz45hfRlova_pTZr-v32Pyg=', 89);
INSERT INTO tb_book (id, name, release_date, status, img_url, author_id) VALUES (191, 'the history of Meredeth Bickerdicke', '1979-04-13', 'AVAILABLE', 'https://media.istockphoto.com/id/153952958/photo/blank-hardcover-book-with-copy-space.jpg?s=612x612&w=0&k=20&c=0GwreFm2LXIR0_irlkOvvz45hfRlova_pTZr-v32Pyg=', 62);
INSERT INTO tb_book (id, name, release_date, status, img_url, author_id) VALUES (192, 'the history of Ajay Pither', '2007-04-09', 'AVAILABLE', 'https://media.istockphoto.com/id/153952958/photo/blank-hardcover-book-with-copy-space.jpg?s=612x612&w=0&k=20&c=0GwreFm2LXIR0_irlkOvvz45hfRlova_pTZr-v32Pyg=', 40);
INSERT INTO tb_book (id, name, release_date, status, img_url, author_id) VALUES (193, 'the history of Candie McAndie', '1998-05-07', 'AVAILABLE', 'https://media.istockphoto.com/id/153952958/photo/blank-hardcover-book-with-copy-space.jpg?s=612x612&w=0&k=20&c=0GwreFm2LXIR0_irlkOvvz45hfRlova_pTZr-v32Pyg=', 33);
INSERT INTO tb_book (id, name, release_date, status, img_url, author_id) VALUES (194, 'the history of Patin Shorton', '1972-04-21', 'AVAILABLE', 'https://media.istockphoto.com/id/153952958/photo/blank-hardcover-book-with-copy-space.jpg?s=612x612&w=0&k=20&c=0GwreFm2LXIR0_irlkOvvz45hfRlova_pTZr-v32Pyg=', 8);
INSERT INTO tb_book (id, name, release_date, status, img_url, author_id) VALUES (195, 'the history of Grange Emmert', '1977-12-22', 'AVAILABLE', 'https://media.istockphoto.com/id/153952958/photo/blank-hardcover-book-with-copy-space.jpg?s=612x612&w=0&k=20&c=0GwreFm2LXIR0_irlkOvvz45hfRlova_pTZr-v32Pyg=', 57);
INSERT INTO tb_book (id, name, release_date, status, img_url, author_id) VALUES (196, 'the history of Aeriell Edmed', '1983-06-25', 'AVAILABLE', 'https://media.istockphoto.com/id/153952958/photo/blank-hardcover-book-with-copy-space.jpg?s=612x612&w=0&k=20&c=0GwreFm2LXIR0_irlkOvvz45hfRlova_pTZr-v32Pyg=', 17);
INSERT INTO tb_book (id, name, release_date, status, img_url, author_id) VALUES (197, 'the history of Trip McIllrick', '1999-09-07', 'AVAILABLE', 'https://media.istockphoto.com/id/153952958/photo/blank-hardcover-book-with-copy-space.jpg?s=612x612&w=0&k=20&c=0GwreFm2LXIR0_irlkOvvz45hfRlova_pTZr-v32Pyg=', 77);
INSERT INTO tb_book (id, name, release_date, status, img_url, author_id) VALUES (198, 'the history of Marcella Dearell', '1990-04-18', 'AVAILABLE', 'https://media.istockphoto.com/id/153952958/photo/blank-hardcover-book-with-copy-space.jpg?s=612x612&w=0&k=20&c=0GwreFm2LXIR0_irlkOvvz45hfRlova_pTZr-v32Pyg=', 19);
INSERT INTO tb_book (id, name, release_date, status, img_url, author_id) VALUES (199, 'the history of Bobinette Scanterbury', '2004-10-08', 'AVAILABLE', 'https://media.istockphoto.com/id/153952958/photo/blank-hardcover-book-with-copy-space.jpg?s=612x612&w=0&k=20&c=0GwreFm2LXIR0_irlkOvvz45hfRlova_pTZr-v32Pyg=', 75);
INSERT INTO tb_book (id, name, release_date, status, img_url, author_id) VALUES (200, 'the history of Marybeth Janous', '2012-04-06', 'AVAILABLE', 'https://media.istockphoto.com/id/153952958/photo/blank-hardcover-book-with-copy-space.jpg?s=612x612&w=0&k=20&c=0GwreFm2LXIR0_irlkOvvz45hfRlova_pTZr-v32Pyg=', 32);


INSERT INTO tb_book_category VALUES (1, 1);
INSERT INTO tb_book_category VALUES (1, 6);
INSERT INTO tb_book_category VALUES (2, 4);
INSERT INTO tb_book_category VALUES (3, 6);
INSERT INTO tb_book_category VALUES (4, 2);
INSERT INTO tb_book_category VALUES (4, 5);
INSERT INTO tb_book_category VALUES (5, 2);
INSERT INTO tb_book_category VALUES (5, 5);
INSERT INTO tb_book_category VALUES (5, 11);
INSERT INTO tb_book_category VALUES (6, 10);

--mock tb_book_category
INSERT INTO tb_book_category (book_id, category_id) VALUES (12, 9);
INSERT INTO tb_book_category (book_id, category_id) VALUES (163, 8);
INSERT INTO tb_book_category (book_id, category_id) VALUES (171, 6);
INSERT INTO tb_book_category (book_id, category_id) VALUES (127, 2);
INSERT INTO tb_book_category (book_id, category_id) VALUES (171, 3);
INSERT INTO tb_book_category (book_id, category_id) VALUES (200, 10);
INSERT INTO tb_book_category (book_id, category_id) VALUES (87, 15);
INSERT INTO tb_book_category (book_id, category_id) VALUES (37, 1);
INSERT INTO tb_book_category (book_id, category_id) VALUES (113, 15);
INSERT INTO tb_book_category (book_id, category_id) VALUES (159, 1);
INSERT INTO tb_book_category (book_id, category_id) VALUES (117, 2);
INSERT INTO tb_book_category (book_id, category_id) VALUES (118, 2);
INSERT INTO tb_book_category (book_id, category_id) VALUES (18, 15);
INSERT INTO tb_book_category (book_id, category_id) VALUES (120, 10);
INSERT INTO tb_book_category (book_id, category_id) VALUES (91, 13);
INSERT INTO tb_book_category (book_id, category_id) VALUES (169, 7);
INSERT INTO tb_book_category (book_id, category_id) VALUES (159, 13);
INSERT INTO tb_book_category (book_id, category_id) VALUES (15, 1);
INSERT INTO tb_book_category (book_id, category_id) VALUES (106, 7);
INSERT INTO tb_book_category (book_id, category_id) VALUES (8, 5);
INSERT INTO tb_book_category (book_id, category_id) VALUES (23, 14);
INSERT INTO tb_book_category (book_id, category_id) VALUES (13, 13);
INSERT INTO tb_book_category (book_id, category_id) VALUES (60, 6);
INSERT INTO tb_book_category (book_id, category_id) VALUES (18, 8);
INSERT INTO tb_book_category (book_id, category_id) VALUES (22, 14);
INSERT INTO tb_book_category (book_id, category_id) VALUES (199, 11);
INSERT INTO tb_book_category (book_id, category_id) VALUES (108, 10);
INSERT INTO tb_book_category (book_id, category_id) VALUES (54, 4);
INSERT INTO tb_book_category (book_id, category_id) VALUES (138, 11);
INSERT INTO tb_book_category (book_id, category_id) VALUES (27, 6);
INSERT INTO tb_book_category (book_id, category_id) VALUES (110, 6);
INSERT INTO tb_book_category (book_id, category_id) VALUES (152, 4);
INSERT INTO tb_book_category (book_id, category_id) VALUES (43, 11);
INSERT INTO tb_book_category (book_id, category_id) VALUES (181, 9);
INSERT INTO tb_book_category (book_id, category_id) VALUES (165, 6);
INSERT INTO tb_book_category (book_id, category_id) VALUES (11, 7);
INSERT INTO tb_book_category (book_id, category_id) VALUES (123, 3);
INSERT INTO tb_book_category (book_id, category_id) VALUES (66, 4);
INSERT INTO tb_book_category (book_id, category_id) VALUES (18, 6);
INSERT INTO tb_book_category (book_id, category_id) VALUES (3, 12);
INSERT INTO tb_book_category (book_id, category_id) VALUES (196, 12);
INSERT INTO tb_book_category (book_id, category_id) VALUES (103, 11);
INSERT INTO tb_book_category (book_id, category_id) VALUES (17, 6);
INSERT INTO tb_book_category (book_id, category_id) VALUES (103, 2);
INSERT INTO tb_book_category (book_id, category_id) VALUES (158, 1);
INSERT INTO tb_book_category (book_id, category_id) VALUES (115, 2);
INSERT INTO tb_book_category (book_id, category_id) VALUES (102, 2);
INSERT INTO tb_book_category (book_id, category_id) VALUES (102, 6);
INSERT INTO tb_book_category (book_id, category_id) VALUES (148, 1);
INSERT INTO tb_book_category (book_id, category_id) VALUES (48, 9);
INSERT INTO tb_book_category (book_id, category_id) VALUES (54, 3);
INSERT INTO tb_book_category (book_id, category_id) VALUES (172, 12);
INSERT INTO tb_book_category (book_id, category_id) VALUES (164, 3);
INSERT INTO tb_book_category (book_id, category_id) VALUES (48, 4);
INSERT INTO tb_book_category (book_id, category_id) VALUES (163, 5);
INSERT INTO tb_book_category (book_id, category_id) VALUES (78, 6);
INSERT INTO tb_book_category (book_id, category_id) VALUES (21, 8);
INSERT INTO tb_book_category (book_id, category_id) VALUES (19, 6);
INSERT INTO tb_book_category (book_id, category_id) VALUES (128, 12);
INSERT INTO tb_book_category (book_id, category_id) VALUES (134, 13);
INSERT INTO tb_book_category (book_id, category_id) VALUES (188, 8);
INSERT INTO tb_book_category (book_id, category_id) VALUES (190, 12);
INSERT INTO tb_book_category (book_id, category_id) VALUES (102, 5);
INSERT INTO tb_book_category (book_id, category_id) VALUES (140, 2);
INSERT INTO tb_book_category (book_id, category_id) VALUES (194, 13);
INSERT INTO tb_book_category (book_id, category_id) VALUES (87, 7);
INSERT INTO tb_book_category (book_id, category_id) VALUES (187, 5);
INSERT INTO tb_book_category (book_id, category_id) VALUES (76, 4);
INSERT INTO tb_book_category (book_id, category_id) VALUES (153, 4);
INSERT INTO tb_book_category (book_id, category_id) VALUES (65, 11);
INSERT INTO tb_book_category (book_id, category_id) VALUES (33, 6);
INSERT INTO tb_book_category (book_id, category_id) VALUES (39, 3);
INSERT INTO tb_book_category (book_id, category_id) VALUES (94, 15);
INSERT INTO tb_book_category (book_id, category_id) VALUES (51, 15);
INSERT INTO tb_book_category (book_id, category_id) VALUES (171, 1);
INSERT INTO tb_book_category (book_id, category_id) VALUES (194, 11);
INSERT INTO tb_book_category (book_id, category_id) VALUES (107, 4);
INSERT INTO tb_book_category (book_id, category_id) VALUES (3, 13);
INSERT INTO tb_book_category (book_id, category_id) VALUES (28, 12);
INSERT INTO tb_book_category (book_id, category_id) VALUES (163, 10);
INSERT INTO tb_book_category (book_id, category_id) VALUES (31, 9);
INSERT INTO tb_book_category (book_id, category_id) VALUES (117, 14);
INSERT INTO tb_book_category (book_id, category_id) VALUES (86, 4);
INSERT INTO tb_book_category (book_id, category_id) VALUES (56, 3);
INSERT INTO tb_book_category (book_id, category_id) VALUES (61, 13);
INSERT INTO tb_book_category (book_id, category_id) VALUES (25, 15);
INSERT INTO tb_book_category (book_id, category_id) VALUES (151, 12);
INSERT INTO tb_book_category (book_id, category_id) VALUES (144, 5);
INSERT INTO tb_book_category (book_id, category_id) VALUES (2, 2);
INSERT INTO tb_book_category (book_id, category_id) VALUES (168, 13);
INSERT INTO tb_book_category (book_id, category_id) VALUES (123, 6);
INSERT INTO tb_book_category (book_id, category_id) VALUES (121, 10);
INSERT INTO tb_book_category (book_id, category_id) VALUES (161, 5);
INSERT INTO tb_book_category (book_id, category_id) VALUES (189, 3);
INSERT INTO tb_book_category (book_id, category_id) VALUES (93, 13);
INSERT INTO tb_book_category (book_id, category_id) VALUES (181, 12);
INSERT INTO tb_book_category (book_id, category_id) VALUES (99, 12);
INSERT INTO tb_book_category (book_id, category_id) VALUES (110, 1);
INSERT INTO tb_book_category (book_id, category_id) VALUES (164, 9);
INSERT INTO tb_book_category (book_id, category_id) VALUES (1, 4);
INSERT INTO tb_book_category (book_id, category_id) VALUES (66, 2);
INSERT INTO tb_book_category (book_id, category_id) VALUES (55, 6);
INSERT INTO tb_book_category (book_id, category_id) VALUES (126, 13);
INSERT INTO tb_book_category (book_id, category_id) VALUES (81, 13);
INSERT INTO tb_book_category (book_id, category_id) VALUES (128, 1);
INSERT INTO tb_book_category (book_id, category_id) VALUES (117, 15);
INSERT INTO tb_book_category (book_id, category_id) VALUES (74, 13);
INSERT INTO tb_book_category (book_id, category_id) VALUES (163, 6);
INSERT INTO tb_book_category (book_id, category_id) VALUES (155, 13);
INSERT INTO tb_book_category (book_id, category_id) VALUES (106, 6);
INSERT INTO tb_book_category (book_id, category_id) VALUES (80, 9);
INSERT INTO tb_book_category (book_id, category_id) VALUES (105, 3);
INSERT INTO tb_book_category (book_id, category_id) VALUES (51, 4);
INSERT INTO tb_book_category (book_id, category_id) VALUES (72, 6);
INSERT INTO tb_book_category (book_id, category_id) VALUES (151, 4);
INSERT INTO tb_book_category (book_id, category_id) VALUES (169, 15);
INSERT INTO tb_book_category (book_id, category_id) VALUES (115, 11);
INSERT INTO tb_book_category (book_id, category_id) VALUES (34, 12);
INSERT INTO tb_book_category (book_id, category_id) VALUES (182, 9);
INSERT INTO tb_book_category (book_id, category_id) VALUES (16, 13);
INSERT INTO tb_book_category (book_id, category_id) VALUES (181, 11);
INSERT INTO tb_book_category (book_id, category_id) VALUES (144, 14);
INSERT INTO tb_book_category (book_id, category_id) VALUES (53, 10);
INSERT INTO tb_book_category (book_id, category_id) VALUES (69, 14);
INSERT INTO tb_book_category (book_id, category_id) VALUES (82, 5);
INSERT INTO tb_book_category (book_id, category_id) VALUES (135, 7);
INSERT INTO tb_book_category (book_id, category_id) VALUES (90, 7);
INSERT INTO tb_book_category (book_id, category_id) VALUES (86, 12);
INSERT INTO tb_book_category (book_id, category_id) VALUES (37, 9);
INSERT INTO tb_book_category (book_id, category_id) VALUES (182, 6);
INSERT INTO tb_book_category (book_id, category_id) VALUES (133, 3);
INSERT INTO tb_book_category (book_id, category_id) VALUES (87, 13);
INSERT INTO tb_book_category (book_id, category_id) VALUES (80, 13);
INSERT INTO tb_book_category (book_id, category_id) VALUES (169, 12);
INSERT INTO tb_book_category (book_id, category_id) VALUES (48, 12);
INSERT INTO tb_book_category (book_id, category_id) VALUES (54, 5);
INSERT INTO tb_book_category (book_id, category_id) VALUES (87, 12);
INSERT INTO tb_book_category (book_id, category_id) VALUES (74, 8);
INSERT INTO tb_book_category (book_id, category_id) VALUES (9, 12);
INSERT INTO tb_book_category (book_id, category_id) VALUES (105, 15);
INSERT INTO tb_book_category (book_id, category_id) VALUES (46, 5);
INSERT INTO tb_book_category (book_id, category_id) VALUES (180, 9);
INSERT INTO tb_book_category (book_id, category_id) VALUES (13, 12);
INSERT INTO tb_book_category (book_id, category_id) VALUES (49, 1);
INSERT INTO tb_book_category (book_id, category_id) VALUES (4, 14);
INSERT INTO tb_book_category (book_id, category_id) VALUES (152, 14);
INSERT INTO tb_book_category (book_id, category_id) VALUES (30, 6);
INSERT INTO tb_book_category (book_id, category_id) VALUES (89, 6);
INSERT INTO tb_book_category (book_id, category_id) VALUES (68, 1);
INSERT INTO tb_book_category (book_id, category_id) VALUES (183, 10);
INSERT INTO tb_book_category (book_id, category_id) VALUES (8, 13);
INSERT INTO tb_book_category (book_id, category_id) VALUES (39, 10);
INSERT INTO tb_book_category (book_id, category_id) VALUES (144, 10);
INSERT INTO tb_book_category (book_id, category_id) VALUES (113, 7);
INSERT INTO tb_book_category (book_id, category_id) VALUES (36, 13);
INSERT INTO tb_book_category (book_id, category_id) VALUES (86, 9);
INSERT INTO tb_book_category (book_id, category_id) VALUES (16, 5);
INSERT INTO tb_book_category (book_id, category_id) VALUES (52, 9);
INSERT INTO tb_book_category (book_id, category_id) VALUES (107, 14);
INSERT INTO tb_book_category (book_id, category_id) VALUES (28, 10);
INSERT INTO tb_book_category (book_id, category_id) VALUES (105, 11);
INSERT INTO tb_book_category (book_id, category_id) VALUES (136, 2);
INSERT INTO tb_book_category (book_id, category_id) VALUES (109, 9);
INSERT INTO tb_book_category (book_id, category_id) VALUES (145, 10);
INSERT INTO tb_book_category (book_id, category_id) VALUES (54, 9);
INSERT INTO tb_book_category (book_id, category_id) VALUES (1, 11);
INSERT INTO tb_book_category (book_id, category_id) VALUES (125, 3);
INSERT INTO tb_book_category (book_id, category_id) VALUES (7, 3);
INSERT INTO tb_book_category (book_id, category_id) VALUES (96, 3);
INSERT INTO tb_book_category (book_id, category_id) VALUES (173, 3);
INSERT INTO tb_book_category (book_id, category_id) VALUES (183, 7);
INSERT INTO tb_book_category (book_id, category_id) VALUES (169, 3);
INSERT INTO tb_book_category (book_id, category_id) VALUES (164, 2);
INSERT INTO tb_book_category (book_id, category_id) VALUES (199, 8);
INSERT INTO tb_book_category (book_id, category_id) VALUES (103, 6);
INSERT INTO tb_book_category (book_id, category_id) VALUES (130, 6);
INSERT INTO tb_book_category (book_id, category_id) VALUES (173, 15);
INSERT INTO tb_book_category (book_id, category_id) VALUES (170, 7);
INSERT INTO tb_book_category (book_id, category_id) VALUES (154, 6);
INSERT INTO tb_book_category (book_id, category_id) VALUES (182, 8);
INSERT INTO tb_book_category (book_id, category_id) VALUES (186, 1);
INSERT INTO tb_book_category (book_id, category_id) VALUES (192, 13);
INSERT INTO tb_book_category (book_id, category_id) VALUES (51, 7);
INSERT INTO tb_book_category (book_id, category_id) VALUES (39, 5);
INSERT INTO tb_book_category (book_id, category_id) VALUES (48, 15);
INSERT INTO tb_book_category (book_id, category_id) VALUES (166, 15);
INSERT INTO tb_book_category (book_id, category_id) VALUES (198, 1);
INSERT INTO tb_book_category (book_id, category_id) VALUES (50, 5);
INSERT INTO tb_book_category (book_id, category_id) VALUES (48, 13);
INSERT INTO tb_book_category (book_id, category_id) VALUES (9, 13);
INSERT INTO tb_book_category (book_id, category_id) VALUES (74, 15);
INSERT INTO tb_book_category (book_id, category_id) VALUES (34, 8);
INSERT INTO tb_book_category (book_id, category_id) VALUES (74, 7);
INSERT INTO tb_book_category (book_id, category_id) VALUES (112, 14);



--reservas

INSERT INTO tb_reservation (moment, client_id, weeks, devolution, status) VALUES ('2023-02-18T17:38', 4, 2, '2023-03-04', default);
INSERT INTO tb_reservation (moment, client_id, weeks, devolution, status) VALUES ('2023-02-02T09:22', 2, 1, '2023-02-09', default);
INSERT INTO tb_reservation (moment, client_id, weeks, devolution, status) VALUES ('2023-01-25T13:59', 3, 3, '2023-02-15', default);
INSERT INTO tb_reservation (moment, client_id, weeks, devolution, status) VALUES ('2022-12-27T10:05', 2, 2, '2023-01-10', default);
INSERT INTO tb_reservation (moment, client_id, weeks, devolution, status) VALUES ('2023-02-07T15:13', 4, 4, '2023-03-15', default);

INSERT INTO tb_book_reservation (reservation_id, book_id)  VALUES (1, 2);
INSERT INTO tb_book_reservation (reservation_id, book_id)  VALUES (1, 6);
INSERT INTO tb_book_reservation (reservation_id, book_id)  VALUES (2, 1);
INSERT INTO tb_book_reservation (reservation_id, book_id)  VALUES (3, 5);
INSERT INTO tb_book_reservation (reservation_id, book_id)  VALUES (4, 4);
INSERT INTO tb_book_reservation (reservation_id, book_id)  VALUES (5, 3);